,iter_idx,sample_num,unq_num,actual_unq_num,repetition_num,next_rep_sample_num,sampling_time,max_amp,min_amp,sampled_prob,eval_amps_time,ipr,renorm_ipr,candidate_x_primes_num,sampled_unq_x_primes_num,sampled_x_primes_num,sampled_coupled_yz_num,non_sampled_unq_x_primes_num,non_sampled_x_primes_num,non_sampled_coupled_yz_num,candidates_time,filter_candidates_time,find_a_in_b_time,find_sampled_and_coupled_time,sampled_matrix_elements_time,sampled_scatter_time,non_sampled_matrix_elements_time,non_sampled_scatter_time,eval_non_sampled_amps_time,full_energy,sample_aware_energy,hf_proj_energy_real,hf_proj_energy_imag,full_hf_proj_energy_real,full_hf_proj_energy_imag,eval_loss_time,backward_time,sr_unq_num,sr_sampled_prob,sr_max_amp,sr_min_amp,sr_time,proc_grad_time,iter_time
0,0,(1+0j),10000,10000,1,10000,0.07567286491394043,(0.00726614484330731-0.006472945618877304j),(6.479468627819438e-06+5.246233481300239e-05j),0.022111411001391607,0.08247995376586914,3.353050598053638e-07,0.0006858153362696416,,,28028,4785730,,,,,,,0.23148250579833984,0.06170487403869629,0.0007638931274414062,,,,,-42.260596475603826,-87.77354801992291,0.02864518190601566,,,0.37727880477905273,0.07108163833618164,50,0.002579062411402952,(0.00726614484330731-0.006472945618877304j),(0.005230479943211273-0.0027101039360831283j),0.1420588493347168,0.14355015754699707,0.6780116558074951
1,1,(1.0000000000000002+0j),10000,10000,1,10000,0.0685429573059082,(0.008009506899952196-0.0066435529898306225j),(4.093416422928502e-05-3.6846242335342385e-05j),0.02040873536812176,0.0677330493927002,2.72883149498449e-07,0.0006551557094211689,,,27493,4783504,,,,,,,0.221954345703125,0.06744146347045898,0.0007395744323730469,,,,,-44.94678680830212,-87.01573498866304,0.02940475951163975,,,0.35865259170532227,0.06139945983886719,50,0.002358575061582482,(0.008009506899952196-0.0066435529898306225j),(-0.001800615699444677+0.005399935778335732j),0.12171697616577148,0.12275862693786621,0.621746301651001
2,2,(1+0j),10000,10000,1,10000,0.0646505355834961,(0.0032073809223622505+0.009505656975416972j),(-4.3105214761989925e-05-2.991779510842637e-05j),0.019813589806687515,0.05880856513977051,2.490657122404813e-07,0.0006344356940031125,,,26948,4778310,,,,,,,0.19697952270507812,0.06335687637329102,0.000659942626953125,,,,,-49.341440373799784,-88.24031523773247,0.05087711579820074,,,0.320544958114624,0.05790352821350098,50,0.002204642432625696,(0.0032073809223622505+0.009505656975416972j),(0.005305683740299645-0.000587786610741735j),0.13094305992126465,0.13199543952941895,0.5859432220458984
3,3,(1+0j),10000,10000,1,10000,0.06301069259643555,(0.012177405372117847-0.0017076515695317635j),(1.255914423615535e-06-4.482980621922266e-05j),0.020699118945201826,0.05275750160217285,3.211648532859117e-07,0.0007495908761755337,,,27414,4784528,,,,,,,0.21612286567687988,0.06696367263793945,0.0006821155548095703,,,,,-51.67782570254548,-88.0642531395667,0.016193425477765425,,,0.33728718757629395,0.06107926368713379,50,0.0025665856371724243,(0.012177405372117847-0.0017076515695317635j),(0.003604549881956853+0.004258500398143571j),0.12288880348205566,0.1239171028137207,0.5957310199737549
4,4,(1.0000000000000002+0j),10000,10000,1,10000,0.06158804893493652,(0.01522108022399575-0.0029320341031614655j),(-3.408809743176007e-05+2.0817124351878127e-05j),0.022101310100886028,0.05313301086425781,4.5803076360400177e-07,0.0009376885480865866,,,27263,4782446,,,,,,,0.1911334991455078,0.06473207473754883,0.0007119178771972656,,,,,-55.80981574830345,-87.81627460591531,0.04578793954418681,,,0.3105132579803467,0.06113553047180176,50,0.0032728038170504186,(0.01522108022399575-0.0029320341031614655j),(0.006275555590597336+0.0002792155752181152j),0.12249994277954102,0.12354588508605957,0.5674459934234619
5,5,(0.9999999999999999+0j),10000,10000,1,10000,0.06438493728637695,(0.019249372478476263-0.0053959858263734435j),(-4.277974871448294e-05+1.7870141475191266e-05j),0.023551033382469055,0.05288410186767578,6.586604078263298e-07,0.0011875218866119527,,,27932,4788890,,,,,,,0.18401503562927246,0.06701254844665527,0.0007405281066894531,,,,,-58.571325833330505,-87.88069804273125,-0.06055113442227458,,,0.30539584159851074,0.06153416633605957,50,0.0038683941059624903,(0.019249372478476263-0.0053959858263734435j),(0.004613140757746087+0.004646277222307453j),0.12337327003479004,0.12440681457519531,0.5716285705566406
6,6,(1.0000000000000004+0j),10000,10000,1,10000,0.06449317932128906,(0.02473693170693165-0.008904027528286715j),(3.300082062118846e-05-4.178234097242623e-05j),0.027128688782224325,0.05672454833984375,1.2548716430272446e-06,0.001705067979629425,,,28685,4796900,,,,,,,0.1853773593902588,0.06678390502929688,0.0007343292236328125,,,,,-61.902374912835825,-87.87373328178988,-0.34590091866744466,,,0.31035614013671875,0.058019399642944336,50,0.005230814879643602,(0.02473693170693165-0.008904027528286715j),(0.007260079367040257+0.0012991332520862979j),0.12332963943481445,0.12436771392822266,0.5676999092102051
7,7,(1.0000000000000004+0j),10000,10000,1,10000,0.0661013126373291,(0.03168597362018852-0.014953724506923846j),(3.601616818192979e-05+2.12732067833819e-05j),0.030971104695973837,0.05328965187072754,2.6825857790685154e-06,0.0027966635708248817,,,29219,4799922,,,,,,,0.19657135009765625,0.06640768051147461,0.0008149147033691406,,,,,-65.11220664651711,-88.87560597094854,-0.0480524589617669,,,0.31794118881225586,0.06065106391906738,50,0.007017961779361987,(0.03168597362018852-0.014953724506923846j),(-0.006155224027038443-0.005649508788442404j),0.12754321098327637,0.12857985496520996,0.5835752487182617
8,8,(1.0000000000000002+0j),10000,10000,1,10000,0.06372380256652832,(0.041163068358679764-0.022362776536393084j),(3.260730156984972e-05-3.5088425705940477e-05j),0.036617810488843675,0.05381655693054199,6.5986717239949444e-06,0.00492120864051534,,,31057,4814634,,,,,,,0.18636798858642578,0.06721162796020508,0.0008089542388916016,,,,,-68.58743293663953,-87.40023391768763,0.07322295479453186,,,0.30901169776916504,0.06489276885986328,50,0.00932601291885218,(0.041163068358679764-0.022362776536393084j),(0.009120981669496191-0.0006707840427778952j),0.12297725677490234,0.12403392791748047,0.5723028182983398
9,9,(1+0j),10000,10000,1,10000,0.06350159645080566,(0.05298132983679955-0.03313860713961802j),(-2.716557715441748e-05-1.9208730823519133e-05j),0.04524681778832328,0.052814483642578125,1.8446517566281373e-05,0.009010280441801294,,,31878,4824228,,,,,,,0.18660473823547363,0.06648445129394531,0.0008466243743896484,,,,,-71.11254959519583,-88.18829204875364,0.20587601360646465,,,0.30754756927490234,0.06679105758666992,50,0.013805603813528258,(0.05298132983679955-0.03313860713961802j),(-0.0037968477199198966+0.009894571239232852j),0.12338495254516602,0.1244204044342041,0.5726921558380127
10,10,(1.0000000000000004+0j),10000,10000,1,10000,0.06357383728027344,(0.06799306508665656-0.04709438057537727j),(3.984305019336056e-05+1.988754105222673e-05j),0.05609915589270307,0.05204463005065918,5.220900007584977e-05,0.016589478056510717,,,34014,4838092,,,,,,,0.16460013389587402,0.05287885665893555,0.0006787776947021484,,,,,-73.78807664082578,-88.87438117313162,0.2496901902844783,,,0.27097201347351074,0.05682373046875,50,0.01959335685981759,(0.06799306508665656-0.04709438057537727j),(-0.009158712612253825+0.007348339432042754j),0.11915969848632812,0.12017655372619629,0.5221335887908936
11,11,(0.9999999999999998+0j),10000,10000,1,10000,0.06508398056030273,(0.0863361144100045-0.06505503914855724j),(1.1655837186440424e-05-4.9145651775960376e-05j),0.07162178219407489,0.05156421661376953,0.00014609299858715796,0.028479945643422575,,,36437,4861700,,,,,,,0.17810535430908203,0.06512069702148438,0.0006287097930908203,,,,,-76.0187998966513,-87.98027881497008,0.23531712337627272,,,0.2961733341217041,0.05970883369445801,50,0.02835883541554632,(0.0863361144100045-0.06505503914855724j),(-0.012183380166918901+0.003989031266491244j),0.1296381950378418,0.13084673881530762,0.5629305839538574
12,12,(1.0000000000000004+0j),10000,10000,1,10000,0.07153916358947754,(0.10876934692677516-0.08676075812674718j),(9.224957470999312e-06+3.384736620092861e-05j),0.09110945267725522,0.05685162544250488,0.0003919269218269458,0.04721480726406097,,,39087,4880678,,,,,,,0.1741499900817871,0.06599545478820801,0.0006420612335205078,,,,,-78.18027600790512,-88.76600314255454,0.1968497607788243,,,0.29840707778930664,0.06066107749938965,50,0.04177462575208825,(0.10876934692677516-0.08676075812674718j),(0.009615609006634999-0.01091114641806059j),0.12282299995422363,0.12396025657653809,0.5651893615722656
13,13,(0.9999999999999998+0j),10000,10000,1,10000,0.06569337844848633,(0.137278778273812-0.1104092372624748j),(-1.1215727598873174e-05-4.814124759652596e-05j),0.1165276993389173,0.054755449295043945,0.0009931716537031668,0.07314185518270756,,,40890,4897274,,,,,,,0.1773514747619629,0.0631093978881836,0.0007555484771728516,,,,,-79.7984000477739,-88.8600659082499,0.16874629064843438,,,0.29674863815307617,0.05802750587463379,50,0.060051468164802356,(0.137278778273812-0.1104092372624748j),(-0.009792352201439676+0.01266452742049068j),0.1278400421142578,0.12888240814208984,0.5600080490112305
14,14,(0.9999999999999998+0j),10000,10000,1,10000,0.07518863677978516,(0.17491865265525014-0.13217111116254587j),(-3.5770130650936594e-05+4.1433752349538044e-05j),0.1522816936207898,0.06055617332458496,0.002360612012348778,0.10179564917301111,,,44972,4930774,,,,,,,0.17338204383850098,0.06544709205627441,0.0007653236389160156,,,,,-80.99291849668063,-88.88205343563601,0.1521893695155418,,,0.3009464740753174,0.06407809257507324,50,0.08482013841853031,(0.17491865265525014-0.13217111116254587j),(0.015430279952267416-0.0077526314286887835j),0.12317848205566406,0.12423419952392578,0.5842502117156982
15,15,(0.9999999999999996+0j),10000,10000,1,10000,0.06584525108337402,(0.22762142714966946-0.14169288303018318j),(2.693247227562216e-06+3.680110789673048e-05j),0.1921459831884334,0.05299997329711914,0.005247273695304081,0.14212520281574484,,,46948,4949562,,,,,,,0.16580462455749512,0.058852434158325195,0.0008127689361572266,,,,,-82.18190994682692,-88.2089388834387,0.1655233261219372,,,0.2792384624481201,0.055379390716552734,50,0.1170914015929831,(0.22762142714966946-0.14169288303018318j),(-0.01041041251775798+0.015166007134291058j),0.12216043472290039,0.12319612503051758,0.5342161655426025
16,16,(0.9999999999999998+0j),10000,10000,1,10000,0.06554245948791504,(0.295460782110251-0.12846315462727673j),(5.673117422870823e-06-3.2144097288458915e-05j),0.23888293354111972,0.054460763931274414,0.010890990415393391,0.1908521815413062,,,50877,4982650,,,,,,,0.16109418869018555,0.06473326683044434,0.0008635520935058594,,,,,-83.07505071390956,-88.2131289122575,0.21326899958218473,,,0.2819349765777588,0.0589601993560791,50,0.15750320756885317,(0.295460782110251-0.12846315462727673j),(0.014612539981449681-0.012911822655200118j),0.12817597389221191,0.1292247772216797,0.5464694499969482
17,17,(1+0j),10000,10000,1,10000,0.06659317016601562,(0.3677168910841062-0.09805720715303469j),(8.284856702971417e-06-2.2810175532423026e-05j),0.2924201834057863,0.05359959602355957,0.02113570684682606,0.24717360189212711,,,52423,4993222,,,,,,,0.17509889602661133,0.07336926460266113,0.0008761882781982422,,,,,-83.77449433995862,-88.8836258144639,-0.013758999851996865,,,0.3037533760070801,0.05527663230895996,50,0.20637384013129256,(0.3677168910841062-0.09805720715303469j),(-0.0019446521305467785-0.019957275984791717j),0.12285542488098145,0.12497138977050781,0.5613763332366943
18,18,(0.9999999999999998+0j),10000,10000,1,10000,0.06524968147277832,(0.4376075346946918-0.06187446027183237j),(3.228393886522586e-05+4.8431973012352565e-06j),0.35257073170973197,0.05314469337463379,0.038356337591982564,0.30856354721015683,,,53523,5002908,,,,,,,0.17163705825805664,0.06718587875366211,0.0009906291961669922,,,,,-84.30638308380647,-88.37641483657106,0.08860789559038806,,,0.29380297660827637,0.05757761001586914,50,0.263354031923676,(0.4376075346946918-0.06187446027183237j),(0.00934794510508446+0.01874226430395787j),0.12785840034484863,0.12891244888305664,0.5563127994537354
19,19,(1.0000000000000004+0j),10000,10000,1,10000,0.06613922119140625,(0.5009487774686526-0.06176245943232779j),(-2.68613278784361e-05+1.63575364519472e-05j),0.4220305191514889,0.05589771270751953,0.06514441857682671,0.36575434668899554,,,60925,5059652,,,,,,,0.16054391860961914,0.06923699378967285,0.0009741783142089844,,,,,-84.7702960464799,-88.94436344131928,-0.023907077317112616,,,0.2874436378479004,0.06833386421203613,50,0.3272715484177994,(0.5009487774686526-0.06176245943232779j),(-0.007132816770481251-0.01993757257447734j),0.13630151748657227,0.13753986358642578,0.5705814361572266
20,20,(1+0j),10000,10000,1,10000,0.06951069831848145,(0.5585094385665836-0.09806293306550916j),(1.9901994475337496e-05-4.4610899592491834e-07j),0.4839490982680712,0.05710196495056152,0.1036558120787769,0.4425825517701536,,,59082,5043240,,,,,,,0.16453886032104492,0.06720352172851562,0.0009632110595703125,,,,,-85.16019686622607,-88.84292744788934,-0.13142576376065665,,,0.29061055183410645,0.055959463119506836,50,0.3961158524446955,(0.5585094385665836-0.09806293306550916j),(0.021333725606604226+0.0010889145608686734j),0.12207174301147461,0.12312579154968262,0.5500237941741943
21,21,(1.0000000000000004+0j),10000,10000,1,10000,0.06508731842041016,(0.609461642087326-0.14768840202019043j),(1.3049104625288168e-05-5.760638052204636e-07j),0.5544588612639998,0.0566248893737793,0.15491779030415848,0.5039212079124696,,,63432,5078566,,,,,,,0.17179179191589355,0.0708014965057373,0.0011401176452636719,,,,,-85.40500433264677,-88.82247666458888,-0.1378796184688587,,,0.3012254238128662,0.05977487564086914,50,0.4673656505605269,(0.609461642087326-0.14768840202019043j),(0.018654675872717637-0.009984303024694158j),0.12415361404418945,0.1252131462097168,0.5619726181030273
22,22,(0.9999999999999998+0j),10000,10000,1,10000,0.06598019599914551,(0.6536550100681909-0.19934027446428265j),(2.1614382232840638e-05+1.2567408960095802e-05j),0.6203125172747483,0.054969072341918945,0.21834773523289183,0.5674500020311383,,,66370,5099988,,,,,,,0.16848492622375488,0.06931257247924805,0.0009810924530029297,,,,,-85.63533778752138,-88.83340894995422,-0.1694243442811428,,,0.2945265769958496,0.05929899215698242,50,0.5384400060801764,(0.6536550100681909-0.19934027446428265j),(0.012300289079935037-0.01602141089936345j),0.12381672859191895,0.12487220764160156,0.5553562641143799
23,23,(1.0000000000000004+0j),10000,10000,1,10000,0.06595134735107422,(0.6984096806618089-0.2281333716275103j),(-1.3341852351947265e-05+1.1087056270643466e-05j),0.6818510329540852,0.05257248878479004,0.2916407035305463,0.6272911084992414,,,67471,5105624,,,,,,,0.16436290740966797,0.06844544410705566,0.0009772777557373047,,,,,-85.81901168943025,-88.8889986663783,-0.23781689613104232,,,0.2871568202972412,0.0581364631652832,50,0.6068222037408898,(0.6984096806618089-0.2281333716275103j),(0.006361979170362797+0.018412556393452417j),0.12186288833618164,0.12290763854980469,0.5534331798553467
24,24,(1+0j),10000,10000,1,10000,0.06378912925720215,(0.7527175051891369-0.2059408096370918j),(-2.22509067770318e-06+1.8543161811573294e-05j),0.738157972327111,0.05377840995788574,0.3710790159392398,0.6810323891558252,,,70976,5135408,,,,,,,0.16351914405822754,0.07075715065002441,0.0010251998901367188,,,,,-85.95294863925564,-88.794108351981,-0.1927112843854495,,,0.28986597061157227,0.059560537338256836,50,0.6704506339307166,(0.7527175051891369-0.2059408096370918j),(0.017982583637311762+0.004536945806049256j),0.12480616569519043,0.1258556842803955,0.5496549606323242
25,25,(0.9999999999999994+0j),10000,10000,1,10000,0.0661630630493164,(0.8051731731405624-0.15535766598974524j),(5.879807706204907e-06-5.669431777670932e-06j),0.787192621485496,0.053128719329833984,0.45234713824443623,0.7299780774746168,,,71661,5141198,,,,,,,0.15689325332641602,0.07276487350463867,0.0010290145874023438,,,,,-86.06609679113058,-88.7332124966678,-0.29566271825568874,,,0.28463101387023926,0.06297922134399414,50,0.7278513308425096,(0.8051731731405624-0.15535766598974524j),(0.017184771093110306-0.0005838858413797258j),0.12511372566223145,0.12615656852722168,0.5504176616668701
26,26,(0.9999999999999999+0j),10000,10000,1,10000,0.06432962417602539,(0.8319996339889909-0.19139234059735788j),(1.230395461121527e-05-6.044960149011476e-06j),0.8296683479956343,0.053618431091308594,0.53137058535352,0.7719487456865836,,,74754,5164434,,,,,,,0.16633319854736328,0.07096624374389648,0.0010886192321777344,,,,,-86.1437703559937,-88.78696039467835,-0.3393104745409248,,,0.292771577835083,0.05622577667236328,50,0.7782192547188534,(0.8319996339889909-0.19139234059735788j),(-0.0058528641018709+0.015021509628069668j),0.1221003532409668,0.12314844131469727,0.5471618175506592
27,27,(1.0000000000000002+0j),10000,10000,1,10000,0.0637052059173584,(0.8135041195392021-0.3404062356200425j),(-8.843504497565204e-06-5.232950414744316e-07j),0.8645921058616386,0.052565813064575195,0.6048790594554951,0.8091816357345757,,,74774,5169246,,,,,,,0.1682894229888916,0.07076120376586914,0.0011301040649414062,,,,,-86.21312557309929,-88.83643826569256,-0.2671308764712138,,,0.293597936630249,0.05734705924987793,50,0.8212931842999135,(0.8135041195392021-0.3404062356200425j),(0.005900212199187691+0.013665982748709159j),0.12334442138671875,0.12439417839050293,0.5496761798858643
28,28,(1.0000000000000004+0j),10000,10000,1,10000,0.07355475425720215,(0.7079811718835486-0.5636443483742507j),(4.51207916471881e-06-1.0646633451022057e-05j),0.8938408869663835,0.05857968330383301,0.6707441209235977,0.839530427966475,,,77424,5187618,,,,,,,0.17397856712341309,0.07209348678588867,0.0010271072387695312,,,,,-86.25633384454638,-88.80690363260972,-0.28112386121562255,,,0.30649256706237793,0.06147122383117676,50,0.8573382384414301,(0.7079811718835486-0.5636443483742507j),(0.01353877488825269-0.0023247131110238645j),0.13467741012573242,0.13589024543762207,0.5885965824127197
29,29,(0.9999999999999991+0j),10000,10000,1,10000,0.0721890926361084,(0.6090037564957627-0.6944522586522863j),(2.7152666575359247e-06+9.693466909456672e-06j),0.9174465198953183,0.05679035186767578,0.7279407286447914,0.8648374823251507,,,78099,5196096,,,,,,,0.16623759269714355,0.07270073890686035,0.0011625289916992188,,,,,-86.29874035115114,-88.81431033216748,-0.3904783841327246,,,0.29773378372192383,0.05690622329711914,50,0.886998421118879,(0.6090037564957627-0.6944522586522863j),(0.011435640250896795-0.0049945489969783j),0.12362957000732422,0.12468767166137695,0.5620665550231934
30,30,(0.9999999999999992+0j),10000,10000,1,10000,0.06478238105773926,(0.5218093044722334-0.7802345930686921j),(5.33399417278521e-06+3.6270721609384564e-06j),0.9359452673747773,0.052225351333618164,0.7763137931627748,0.8862094919583725,,,79792,5216416,,,,,,,0.17634224891662598,0.07360386848449707,0.0011668205261230469,,,,,-86.32115462344603,-88.8193970189211,-0.40517918614146603,,,0.3041853904724121,0.06190037727355957,50,0.9109594214455441,(0.5218093044722334-0.7802345930686921j),(-0.007230593645910448+0.008784498024765101j),0.12322115898132324,0.12428045272827148,0.5660886764526367
31,31,(1.0000000000000002+0j),10000,10000,1,10000,0.06611251831054688,(0.48018973962904266-0.8203041759017018j),(-3.822794691643948e-06-4.708050375260543e-06j),0.9506766271018499,0.054100751876831055,0.8163305340977909,0.903234271777068,,,81974,5227842,,,,,,,0.1652841567993164,0.07158899307250977,0.0011801719665527344,,,,,-86.34514520722988,-88.76785048102228,-0.38983973410049366,,,0.2930715084075928,0.06091570854187012,50,0.9300608214069959,(0.48018973962904266-0.8203041759017018j),(0.0019883181713534516-0.010176687729671483j),0.13457274436950684,0.1356525421142578,0.566380500793457
32,32,(1.0000000000000009+0j),10000,10000,1,10000,0.06397581100463867,(0.49825012582854494-0.8203678021793388j),(5.2871851008579145e-06-2.3243682334089623e-06j),0.961877431825167,0.05309772491455078,0.8487577739785553,0.9173694954456478,,,83163,5234846,,,,,,,0.15338826179504395,0.06885504722595215,0.001177072525024414,,,,,-86.36411037497966,-88.83116154436595,-0.3474091024319964,,,0.27729034423828125,0.06289887428283691,50,0.9450743783046618,(0.49825012582854494-0.8203678021793388j),(0.008867042030380183-0.0038325098291580456j),0.12329244613647461,0.12434148788452148,0.5478308200836182
33,33,(0.9999999999999999+0j),10000,10000,1,10000,0.0655660629272461,(0.535902333453304-0.8048643352783726j),(-3.8800515025678706e-07-3.847778719599659e-06j),0.9703971433066285,0.05070924758911133,0.8742591746569922,0.9284129291558403,,,84412,5247628,,,,,,,0.17890024185180664,0.07028460502624512,0.0011665821075439453,,,,,-86.37663533378958,-88.87413932660952,-0.39407714920086345,,,0.3018064498901367,0.056936025619506836,50,0.9566500042473429,(0.535902333453304-0.8048643352783726j),(-0.00217167524650648-0.008561717859936068j),0.12128639221191406,0.1223287582397461,0.5570354461669922
34,34,(0.9999999999999993+0j),10000,10000,1,10000,0.06487345695495605,(0.4734341981537074-0.849184000968187j),(-4.651604172542062e-06-7.171613048629187e-07j),0.9767998407192849,0.05259203910827637,0.8935377122995721,0.936486943136189,,,85782,5257994,,,,,,,0.1603984832763672,0.06986784934997559,0.0010843276977539062,,,,,-86.38832850766238,-88.87617191957507,-0.3619453161292055,,,0.28470587730407715,0.06052255630493164,50,0.9653186243622104,(0.4734341981537074-0.849184000968187j),(0.007038698073230965-0.004386421716267993j),0.13614153861999512,0.13721942901611328,0.5580339431762695
35,35,(1+0j),10000,10000,1,10000,0.0634455680847168,(0.35025249189479385-0.9109430326403661j),(-2.262766194749135e-06-6.248979377955822e-07j),0.9812907049421133,0.05286717414855957,0.9072759093324224,0.9422019725165838,,,86435,5266244,,,,,,,0.15572810173034668,0.06826972961425781,0.0010924339294433594,,,,,-86.39719095845138,-88.90474547368055,-0.3524616509146036,,,0.27872419357299805,0.05828261375427246,50,0.9715929588223167,(0.35025249189479385-0.9109430326403661j),(0.007249360207351407+0.002922492835674811j),0.12331318855285645,0.12437081336975098,0.5354671478271484
36,36,(1.0000000000000004+0j),10000,10000,1,10000,0.0637509822845459,(0.38065307451614766-0.90134006671597j),(2.680502415520951e-06+1.6551316382247998e-06j),0.9844806590319211,0.05296134948730469,0.9164737410723631,0.9455960493320613,,,87099,5267996,,,,,,,0.16792583465576172,0.07486701011657715,0.0011322498321533203,,,,,-86.40546077453621,-88.93080901628693,-0.3210468442173609,,,0.29767370223999023,0.062288522720336914,50,0.9760362234425467,(0.38065307451614766-0.90134006671597j),(0.005996060901357148+0.00434583213268352j),0.12351369857788086,0.12559080123901367,0.5599234104156494
37,37,(0.9999999999999998+0j),10000,10000,1,10000,0.062277793884277344,(0.4376540438487046-0.8767442011800277j),(-1.5194810122159737e-06-3.974613852696086e-06j),0.9867222556782692,0.053854942321777344,0.9220557314077213,0.9470378221979538,,,87937,5277996,,,,,,,0.15775775909423828,0.07495379447937012,0.0011870861053466797,,,,,-86.41356906874007,-88.94900173786517,-0.2872713605462389,,,0.2885899543762207,0.06149721145629883,50,0.9791338165160393,(0.4376540438487046-0.8767442011800277j),(0.004512800493625757+0.005451151559070458j),0.12392067909240723,0.12495589256286621,0.5477688312530518
38,38,(0.9999999999999999+0j),10000,10000,1,10000,0.06708025932312012,(0.46515308660333765-0.8632682272800255j),(3.5517496044420103e-06+1.201362972401916e-06j),0.9882860787843332,0.055922746658325195,0.9247060708276842,0.9467566257669154,,,88933,5282014,,,,,,,0.16751813888549805,0.07076883316040039,0.001176595687866211,,,,,-86.42080224489362,-88.95980308716226,-0.2712588133096479,,,0.2961909770965576,0.05753302574157715,50,0.9812465530925203,(0.46515308660333765-0.8632682272800255j),(-0.0013846633090696513+0.006731590470992081j),0.12270212173461914,0.12376284599304199,0.5553972721099854
39,39,(0.9999999999999998+0j),10000,10000,1,10000,0.06612062454223633,(0.4416708181985616-0.875556585997783j),(-2.0283455534867027e-06+5.497626781051644e-07j),0.9892811345922444,0.05431103706359863,0.9248506233868515,0.945000719446683,,,90316,5292652,,,,,,,0.14433717727661133,0.06789469718933105,0.0012788772583007812,,,,,-86.42947249482714,-88.99276935832012,-0.23138775461990754,,,0.2686290740966797,0.05817008018493652,50,0.9826391410305669,(0.4416708181985616-0.875556585997783j),(0.006086965400179312+0.002946683316243082j),0.12442469596862793,0.12548255920410156,0.5292484760284424
40,40,(1.0000000000000004+0j),10000,10000,1,10000,0.06462740898132324,(0.3740768620375516-0.9058735001582132j),(-1.981303393564069e-06+3.210381964755321e-07j),0.9899931302601531,0.05261516571044922,0.9226811874403724,0.9414284183095739,,,89962,5289588,,,,,,,0.16540026664733887,0.07312870025634766,0.0011377334594726562,,,,,-86.43830487627335,-89.00943904346596,-0.1537026671161644,,,0.2930741310119629,0.05878782272338867,50,0.9834659128434071,(0.3740768620375516-0.9058735001582132j),(-0.0016347315752698163+0.006399017130925575j),0.12459921836853027,0.12563633918762207,0.5526556968688965
41,41,(1.0000000000000004+0j),10000,10000,1,10000,0.06445431709289551,(0.3035398966831415-0.9306235487381105j),(-1.2996694714879627e-06+5.06063612329083e-07j),0.9904521858396713,0.05124831199645996,0.918195019762859,0.9359828759710369,,,94163,5324562,,,,,,,0.16008996963500977,0.07669472694396973,0.001316070556640625,,,,,-86.44897056361206,-89.00267601820583,-0.08913555548846869,,,0.2902216911315918,0.05605340003967285,50,0.9838375727875484,(0.3035398966831415-0.9306235487381105j),(-0.0022753769139169135+0.006231473625488993j),0.12485718727111816,0.1259000301361084,0.5474221706390381
42,42,(1.0000000000000004+0j),10000,10000,1,10000,0.06676745414733887,(0.2994107273012142-0.9300003082141128j),(-1.0226358099123042e-06+3.893223705465445e-06j),0.9906145382068068,0.05474495887756348,0.9112313614949894,0.9285798675164991,,,94972,5324438,,,,,,,0.15680527687072754,0.07373619079589844,0.0012290477752685547,,,,,-86.46061322062268,-88.96313924028755,-0.039299837822717974,,,0.2873251438140869,0.058228254318237305,50,0.9838127568880177,(0.2994107273012142-0.9300003082141128j),(-0.00022623555495932354-0.006629845413757358j),0.12483620643615723,0.1259005069732666,0.5489070415496826
43,43,(0.9999999999999999+0j),10000,10000,1,10000,0.06288433074951172,(0.317310321269235-0.9212624337472903j),(-5.29169250958697e-07-1.3766552541420212e-06j),0.9905661040018656,0.05375409126281738,0.9014764196066558,0.9187290426757458,,,95324,5326580,,,,,,,0.15909695625305176,0.0756833553314209,0.0012671947479248047,,,,,-86.47368361054343,-88.94596103964058,-0.03862392915200432,,,0.29060792922973633,0.0635371208190918,50,0.9834102379052674,(0.317310321269235-0.9212624337472903j),(0.001322750535477757+0.006808577017349903j),0.13535308837890625,0.1365983486175537,0.5648338794708252
44,44,(0.9999999999999999+0j),10000,10000,1,10000,0.0712432861328125,(0.28652925354143044-0.9275743022591991j),(4.571405963682531e-07+9.103811374180514e-07j),0.9903752486798724,0.05700945854187012,0.8884305676811561,0.9057825228227033,,,95603,5328312,,,,,,,0.18922209739685059,0.08367061614990234,0.0013425350189208984,,,,,-86.48876549138895,-88.92312647295064,0.010112991893173603,,,0.3321070671081543,0.06468963623046875,50,0.982636193469815,(0.28652925354143044-0.9275743022591991j),(-0.006744305611419025+0.0032496552007305573j),0.13244414329528809,0.13349652290344238,0.6123926639556885
45,45,(0.9999999999999993+0j),10000,10000,1,10000,0.06586289405822754,(0.22220552186248974-0.9402251431721935j),(-3.163896733371675e-07-2.602453844762556e-06j),0.9900030581527414,0.05570220947265625,0.8714362768296549,0.8891244699990186,,,97801,5347236,,,,,,,0.15710997581481934,0.07516026496887207,0.0013546943664550781,,,,,-86.50543115987838,-88.9014236085668,-0.015126029361533682,,,0.2901937961578369,0.06205630302429199,50,0.9814735095173925,(0.22220552186248974-0.9402251431721935j),(-0.0017248307835149921+0.007743063211737351j),0.1231534481048584,0.12419748306274414,0.5530433654785156
46,46,(0.9999999999999999+0j),10000,10000,1,10000,0.06495952606201172,(0.23084424218744598-0.9318279941562054j),(2.6567812158257824e-06-2.0014829884965035e-06j),0.9894380346613056,0.0577244758605957,0.8496448105189361,0.8678810531540537,,,98333,5351298,,,,,,,0.17124295234680176,0.07625079154968262,0.0013470649719238281,,,,,-86.52493661714843,-88.94219718479926,0.0002917359602985732,,,0.3073875904083252,0.06024003028869629,50,0.9798883012919829,(0.23084424218744598-0.9318279941562054j),(-0.003289053670412075-0.008026205211606515j),0.12345480918884277,0.12549090385437012,0.5688519477844238
47,47,(0.9999999999999999+0j),10000,10000,1,10000,0.06644129753112793,(0.3560201116410624-0.8829632606773073j),(1.551729350261137e-06-2.163460450535851e-06j),0.98875706568718,0.051964759826660156,0.8220102008033007,0.8408102686213137,,,100602,5369684,,,,,,,0.16245007514953613,0.07450151443481445,0.0012352466583251953,,,,,-86.5456161113149,-88.93700499573593,-0.04172945707216966,,,0.2909390926361084,0.06514286994934082,50,0.9778317947970679,(0.3560201116410624-0.8829632606773073j),(0.006698628138048202+0.006727528828457093j),0.1265392303466797,0.12759113311767578,0.5608975887298584
48,48,(0.9999999999999999+0j),10000,10000,1,10000,0.06861257553100586,(0.4710093830070284-0.8154944589766715j),(1.4789405253534568e-06-2.1844544951154775e-06j),0.9878567337467558,0.051514387130737305,0.7873689951127101,0.806845497964805,,,101247,5367946,,,,,,,0.1644458770751953,0.07480788230895996,0.0013189315795898438,,,,,-86.56791589985568,-88.93055094477387,-0.05349618932992578,,,0.29292821884155273,0.05493021011352539,50,0.975249959042094,(0.4710093830070284-0.8154944589766715j),(0.0026986929727732673+0.009780611790269836j),0.12572717666625977,0.12677860260009766,0.553926944732666
49,49,(1.0000000000000007+0j),10000,10000,1,10000,0.0661318302154541,(0.46841105274837386-0.8016701612845966j),(-2.2001674555394934e-07+1.5759836724074392e-06j),0.9869665070889262,0.05237412452697754,0.7445498010490574,0.7643441074466926,,,107220,5414732,,,,,,,0.15970921516418457,0.0754542350769043,0.0013070106506347656,,,,,-86.5919708851878,-88.92226306442926,-0.07012652088689812,,,0.289658784866333,0.05027413368225098,50,0.9721045374923545,(0.46841105274837386-0.8016701612845966j),(-0.006513350922218163+0.008742309401303078j),0.12539291381835938,0.12644076347351074,0.5431857109069824
50,50,(1.0000000000000007+0j),10000,10000,1,10000,0.06362128257751465,(0.4382131688541223-0.7992232824453679j),(9.362863699974424e-07+1.6999253683023613e-06j),0.9857433551802374,0.05547189712524414,0.6925384572234669,0.7127154587426808,,,107403,5421138,,,,,,,0.1653304100036621,0.07616877555847168,0.0013439655303955078,,,,,-86.61445006066621,-88.92708520971145,-0.08720844324886969,,,0.29914212226867676,0.06480216979980469,50,0.968307745103481,(0.4382131688541223-0.7992232824453679j),(-0.004334309074308178+0.01109825816008362j),0.1266796588897705,0.12773823738098145,0.5660207271575928
51,51,(1.0000000000000004+0j),10000,10000,1,10000,0.06405258178710938,(0.526860343223083-0.7170855627374564j),(2.971401474297404e-06-2.770821482419359e-07j),0.9844978543291336,0.050145626068115234,0.6309649463202122,0.650992049334836,,,109866,5437876,,,,,,,0.14633727073669434,0.07433724403381348,0.0013761520385742188,,,,,-86.63653517262703,-88.92804667731761,-0.11341723187153269,,,0.2730436325073242,0.06461930274963379,50,0.9638882979979633,(0.526860343223083-0.7170855627374564j),(-0.01288330685932406+0.0012493006616013632j),0.13062310218811035,0.1316680908203125,0.5525376796722412
52,52,(0.9999999999999999+0j),10000,10000,1,10000,0.07002854347229004,(0.5787205619187221-0.6399266616606799j),(1.4092035081903046e-06+1.4811237788806925e-07j),0.9832169431983452,0.05559587478637695,0.5611037523576924,0.580422801792145,,,114552,5473214,,,,,,,0.16522932052612305,0.07503461837768555,0.0014224052429199219,,,,,-86.6564702142486,-88.88821209321955,-0.12427038019901632,,,0.2980501651763916,0.05953359603881836,50,0.9589473037876892,(0.5787205619187221-0.6399266616606799j),(0.014525877549285634+0.0027138298281990185j),0.12415599822998047,0.1251974105834961,0.5633735656738281
53,53,(0.9999999999999998+0j),10000,10000,1,10000,0.06257176399230957,(0.5447042234423276-0.6271917841151938j),(1.9057391455487e-06+2.632899016868039e-06j),0.9819630954428908,0.056563615798950195,0.4877376803983987,0.5058199752568511,,,113421,5464982,,,,,,,0.15946292877197266,0.07586026191711426,0.0014030933380126953,,,,,-86.6746400444166,-88.89252872704472,-0.1303444008244835,,,0.2941548824310303,0.06511116027832031,50,0.9538618260761303,(0.5447042234423276-0.6271917841151938j),(0.01485580096376986-0.006296145712355245j),0.13662004470825195,0.1376800537109375,0.5701286792755127
54,54,(1+0j),10000,10000,1,10000,0.06532692909240723,(0.5130224266162666-0.608218585468248j),(-1.1759102345908724e-07+5.070421630500061e-06j),0.9809911971247275,0.05102181434631348,0.41856515550794243,0.4349435061151458,,,116400,5489210,,,,,,,0.1533520221710205,0.07756328582763672,0.0014116764068603516,,,,,-86.69040835652041,-88.87982226750059,-0.1250747885399565,,,0.2841675281524658,0.06030559539794922,50,0.9491421229481987,(0.5130224266162666-0.608218585468248j),(0.011398647626416288-0.014941039045565986j),0.12517023086547852,0.12621808052062988,0.5469930171966553
55,55,(1.0000000000000004+0j),10000,10000,1,10000,0.06583261489868164,(0.49077249842282994-0.580563853685505j),(-5.718928576871655e-07-2.037976518578069e-06j),0.9804343083436298,0.05431413650512695,0.3586414706283828,0.3730985029770774,,,120597,5515366,,,,,,,0.16444826126098633,0.07989883422851562,0.0015125274658203125,,,,,-86.7086565927166,-88.86671040501797,-0.12271474143125541,,,0.30107665061950684,0.06626677513122559,50,0.9450963290490703,(0.49077249842282994-0.580563853685505j),(-0.011385869857605183+0.0186081723350079j),0.13523197174072266,0.13647079467773438,0.5808944702148438
56,56,(1.0000000000000004+0j),10000,10000,1,10000,0.07087182998657227,(0.5068548229838469-0.5195907733331145j),(-1.0607812413930621e-06-1.1254356502059885e-06j),0.9801205390363037,0.058416128158569336,0.30896228002603965,0.32162254262093387,,,120332,5518688,,,,,,,0.1788341999053955,0.08346056938171387,0.0014004707336425781,,,,,-86.73081650622058,-88.84556426716375,-0.1032353640349464,,,0.32298779487609863,0.06669473648071289,50,0.9419352424293177,(0.5068548229838469-0.5195907733331145j),(-0.022792757102177652-0.0021193662475172256j),0.1339092254638672,0.13514137268066406,0.6070084571838379
57,57,(0.9999999999999996+0j),10000,10000,1,10000,0.07171988487243652,(0.5322168804247962-0.4440858943777766j),(3.9092622795745226e-07-2.5812932145009356e-06j),0.9801040450124401,0.06059718132019043,0.2681544718014225,0.2791519594086689,,,120366,5515946,,,,,,,0.16162848472595215,0.07515478134155273,0.0016717910766601562,,,,,-86.76054016283575,-88.8251894833775,-0.08692541942253332,,,0.29996371269226074,0.06424856185913086,50,0.9396667140845445,(0.5322168804247962-0.4440858943777766j),(-0.01846928652665887-0.014858072519766482j),0.14971566200256348,0.15095210075378418,0.5980620384216309
58,58,(0.9999999999999998+0j),10000,10000,1,10000,0.07067513465881348,(0.5300727483225983-0.3959093995620929j),(3.507337717300956e-06+2.312787346099292e-06j),0.9803401285715297,0.05869412422180176,0.23437015066825345,0.24386458729829483,,,122170,5533182,,,,,,,0.1581268310546875,0.06864237785339355,0.001657724380493164,,,,,-86.80220879567258,-88.80430383104704,-0.07009234413405367,,,0.28809690475463867,0.06495261192321777,50,0.9381526055229852,(0.5300727483225983-0.3959093995620929j),(-0.010314042051963047+0.022454449606107228j),0.15253734588623047,0.15379023551940918,0.5888373851776123
59,59,(1+0j),10000,10000,1,10000,0.06783342361450195,(0.4982967378077063-0.3857660851742255j),(-6.368976773710271e-07+3.1000244866806232e-06j),0.9806505369219798,0.055333614349365234,0.2065161073729425,0.214746151503481,,,124976,5554614,,,,,,,0.14915704727172852,0.07096409797668457,0.0017938613891601562,,,,,-86.85410687913526,-88.78765387440079,-0.058693906620038205,,,0.2781648635864258,0.06279301643371582,50,0.9373904038264591,(0.4982967378077063-0.3857660851742255j),(0.01798463491804611-0.016697391721951147j),0.14669275283813477,0.147904634475708,0.567833662033081
60,60,(0.9999999999999999+0j),10000,10000,1,10000,0.0659036636352539,(0.45128452090716914-0.39177970272585627j),(-8.866341771165854e-07-2.4255827373883e-06j),0.9811960122914113,0.056836605072021484,0.1846115873340623,0.19175531370550877,,,124421,5544818,,,,,,,0.1466517448425293,0.07532978057861328,0.0015437602996826172,,,,,-86.91567252543163,-88.77386531928137,-0.045082690172580146,,,0.28121352195739746,0.06517457962036133,50,0.9374636662806317,(0.45128452090716914-0.39177970272585627j),(-0.024226075166397756+0.0005799768141402609j),0.12760329246520996,0.12865543365478516,0.5518379211425781
61,61,(1+0j),10000,10000,1,10000,0.06311368942260742,(0.4028943638524975-0.3931407052702245j),(1.3182544537310818e-06-2.0875226888793236e-06j),0.9819470556421075,0.05088400840759277,0.16975405087939419,0.17605323198388856,,,125442,5554562,,,,,,,0.16179919242858887,0.08527565002441406,0.0017893314361572266,,,,,-86.98509153652006,-88.75695518089857,-0.027050005289059792,,,0.300764799118042,0.06236863136291504,50,0.9389461391010264,(0.4028943638524975-0.3931407052702245j),(0.019504904177308536-0.0153315910052215j),0.12643766403198242,0.12746334075927734,0.5643608570098877
62,62,(1+0j),10000,10000,1,10000,0.0629427433013916,(0.3612287680942227-0.38164021748928273j),(-3.1742036470660874e-06+9.446617328396561e-07j),0.9827403370056442,0.05476665496826172,0.16362984664422803,0.16942791208129734,,,125018,5550292,,,,,,,0.1561908721923828,0.07782196998596191,0.0014519691467285156,,,,,-87.06201811199747,-88.74336159623239,-0.011652991064584277,,,0.2910463809967041,0.06297159194946289,50,0.9413035905820855,(0.3612287680942227-0.38164021748928273j),(0.018221300624210266-0.015231399760393614j),0.12375998497009277,0.12479901313781738,0.5524067878723145
63,63,(1+0j),10000,10000,1,10000,0.06023859977722168,(0.544111873502209+0.09085401492270673j),(-3.499699704162272e-06+3.3560868959735364e-06j),0.9835721604098676,0.05414891242980957,0.16784809066206913,0.17350178607657918,,,121393,5523236,,,,,,,0.15397191047668457,0.07807493209838867,0.0014982223510742188,,,,,-87.14387158533285,-88.72882889539967,0.00561965510176645,,,0.28846263885498047,0.059648752212524414,50,0.9442485697291298,(0.544111873502209+0.09085401492270673j),(-0.017581854275549032+0.014541271391096565j),0.12518310546875,0.1262829303741455,0.5463099479675293
64,64,(1+0j),10000,10000,1,10000,0.06505107879638672,(0.5844770905836996+0.12301125566126715j),(1.078733212640294e-06-1.9342899027138373e-06j),0.9846430752365993,0.05118560791015625,0.183284921712184,0.1890466894328376,,,122057,5524432,,,,,,,0.16359615325927734,0.09084057807922363,0.0015604496002197266,,,,,-87.22796201719484,-88.71663735684231,0.01772355833555118,,,0.3080923557281494,0.0660398006439209,50,0.9476848553424646,(0.5844770905836996+0.12301125566126715j),(0.020360169669749847-0.009844202807029898j),0.14525127410888672,0.14644122123718262,0.5973765850067139
65,65,(0.9999999999999999+0j),10000,10000,1,10000,0.06304454803466797,(0.6146487642199643+0.18118415085106696j),(2.4100406346850214e-06-7.118419835128112e-07j),0.9857675690414093,0.055493831634521484,0.20965047060969463,0.21574800542594502,,,122530,5527786,,,,,,,0.16047906875610352,0.08117437362670898,0.0014524459838867188,,,,,-87.30844128005586,-88.71172626237976,0.028138152863867193,,,0.29947447776794434,0.05841231346130371,50,0.9514223674519761,(0.6146487642199643+0.18118415085106696j),(0.019563236539542943-0.01070058255951024j),0.13074231147766113,0.13188982009887695,0.563162088394165
66,66,(0.9999999999999998+0j),10000,10000,1,10000,0.062337398529052734,(0.6368543172853273+0.24245114447352842j),(2.1613605720072403e-06-1.2190477463845753e-06j),0.986853664858993,0.04994773864746094,0.24556725135619697,0.25215346044603354,,,121369,5519002,,,,,,,0.17448163032531738,0.08398866653442383,0.001650094985961914,,,,,-87.38526427069328,-88.70403790684126,0.026549882577667723,,,0.3110485076904297,0.06648635864257812,50,0.955350412997569,(0.6368543172853273+0.24245114447352842j),(-0.020527266782494443-0.005026164859391218j),0.1435258388519287,0.14470767974853516,0.596116304397583
67,67,(1.0000000000000002+0j),10000,10000,1,10000,0.06487083435058594,(0.6560401282773837+0.29388579943008825j),(-1.244052724875536e-07-3.0368911013813007e-06j),0.9881422306547418,0.05150413513183594,0.2890175317440012,0.2959956080756988,,,122727,5533778,,,,,,,0.164717435836792,0.0847938060760498,0.0014586448669433594,,,,,-87.45611634388493,-88.70645530881033,0.008059660194360288,,,0.3034024238586426,0.062085866928100586,50,0.9594027714858195,(0.6560401282773837+0.29388579943008825j),(0.003645160832184309-0.01978067903798574j),0.12505006790161133,0.12622904777526855,0.5677201747894287
68,68,(1+0j),10000,10000,1,10000,0.06528663635253906,(0.6700870795010274+0.3433696908619552j),(5.208224407400286e-07-1.7385995744521255e-06j),0.9893214153103748,0.05920743942260742,0.3377832983723101,0.34511461550200084,,,122076,5530310,,,,,,,0.15537190437316895,0.07726073265075684,0.0015435218811035156,,,,,-87.5201914848973,-88.71235067048114,-0.013228979113357794,,,0.2942662239074707,0.06442713737487793,50,0.9635737451815767,(0.6700870795010274+0.3433696908619552j),(-0.0188451819065741-0.005230169370155694j),0.1296076774597168,0.1319141387939453,0.567202091217041
69,69,(1.0000000000000004+0j),10000,10000,1,10000,0.06535053253173828,(0.6645204756486812+0.41544831179391517j),(4.946041895044635e-07+1.6028927967381046e-06j),0.9904866695665339,0.05467629432678223,0.38966594899380724,0.3971871473374128,,,118569,5502134,,,,,,,0.160400390625,0.07818841934204102,0.0013921260833740234,,,,,-87.57507833844403,-88.73073772524889,-0.03310514037110737,,,0.2955183982849121,0.06493687629699707,50,0.9676292829588808,(0.6645204756486812+0.41544831179391517j),(-0.0006924195690533888-0.018322111766070914j),0.13217663764953613,0.13335323333740234,0.5783486366271973
70,70,(1+0j),10000,10000,1,10000,0.06433320045471191,(0.6213796865377282+0.5214726448588397j),(9.388751615625039e-08+9.249000401906048e-07j),0.9915442825052281,0.05433082580566406,0.4426366031611378,0.4502182495943386,,,114384,5473950,,,,,,,0.16378092765808105,0.0785074234008789,0.0014050006866455078,,,,,-87.62276276333253,-88.75351879860929,-0.040223263664497355,,,0.2989625930786133,0.06272101402282715,50,0.9715746746573843,(0.6213796865377282+0.5214726448588397j),(0.016256094662601226+5.485197153416658e-05j),0.1275191307067871,0.12866425514221191,0.5653231143951416
71,71,(0.9999999999999998+0j),10000,10000,1,10000,0.06769204139709473,(0.5591010603296075+0.620827494437115j),(9.357591662497497e-08-7.826733214107816e-07j),0.9925818805012459,0.06065845489501953,0.4947657678394023,0.5021887250960809,,,113829,5473656,,,,,,,0.16327333450317383,0.08205866813659668,0.0012936592102050781,,,,,-87.66197353668055,-88.77615579264985,-0.04334829118364634,,,0.30810046195983887,0.06125664710998535,50,0.9754651320566969,(0.5591010603296075+0.620827494437115j),(-0.0034243103511613954-0.015249156672757735j),0.13411307334899902,0.13529467582702637,0.5834090709686279
72,72,(0.9999999999999999+0j),10000,10000,1,10000,0.06518292427062988,(0.5377071782078722+0.6666759566831564j),(1.066964572590384e-06+5.58749948344044e-07j),0.9936150538382814,0.05272412300109863,0.5441376759778395,0.5511533760781359,,,111637,5454196,,,,,,,0.15740346908569336,0.07961702346801758,0.0012173652648925781,,,,,-87.69398874693407,-88.79799491914058,-0.048074546364147645,,,0.2918119430541992,0.06266903877258301,50,0.9790983987553312,(0.5377071782078722+0.6666759566831564j),(-0.01395331232133142+0.004525182125138783j),0.13458824157714844,0.1358199119567871,0.5669388771057129
73,73,(1.000000000000001+0j),10000,10000,1,10000,0.06439018249511719,(0.564048848735273+0.66799147785662j),(1.517699122836592e-07+7.083267339246425e-07j),0.9945472871470762,0.05201101303100586,0.5891066801514933,0.5955840700270578,,,113090,5466464,,,,,,,0.15738725662231445,0.08346080780029297,0.0014653205871582031,,,,,-87.71943194086839,-88.80838191662048,-0.05190378457331083,,,0.2951838970184326,0.0646967887878418,50,0.9823254269139932,(0.564048848735273+0.66799147785662j),(-0.012842439511893558+0.0039592603295664115j),0.13327956199645996,0.13451719284057617,0.5699055194854736
74,74,(0.9999999999999999+0j),10000,10000,1,10000,0.06324267387390137,(0.5553318401658028+0.693996111248287j),(1.532179214929124e-06-3.7448505968775924e-07j),0.9953910986638927,0.05174589157104492,0.6281957170868574,0.6340265810251049,,,112129,5459394,,,,,,,0.15876030921936035,0.0826563835144043,0.001378774642944336,,,,,-87.73937192055051,-88.81759953750012,-0.04861828638357406,,,0.2955050468444824,0.06330561637878418,50,0.9851286952741414,(0.5553318401658028+0.693996111248287j),(-0.002875131557388443-0.012006964077951895j),0.13338279724121094,0.13481855392456055,0.5689046382904053
75,75,(0.9999999999999999+0j),10000,10000,1,10000,0.06389212608337402,(0.5391250500872211+0.7207433046210557j),(6.933250686093381e-07-2.3061589682606004e-07j),0.9960935610511674,0.053350210189819336,0.6598681232790519,0.6650539597621935,,,109726,5450498,,,,,,,0.16112899780273438,0.07557368278503418,0.0013151168823242188,,,,,-87.7552705332096,-88.82642761165567,-0.046220269522009645,,,0.29218220710754395,0.059894561767578125,50,0.9875205811704305,(0.5391250500872211+0.7207433046210557j),(-0.010875421505509155+0.002389849817490874j),0.134049654006958,0.1352522373199463,0.5623846054077148
76,76,(1+0j),10000,10000,1,10000,0.06482410430908203,(0.5100487446771145+0.7509509706046169j),(-3.3130580991988266e-07-1.0118941319605603e-06j),0.996706268442587,0.0535883903503418,0.6824634535582471,0.6869814657911647,,,107012,5424496,,,,,,,0.15735483169555664,0.07720470428466797,0.001356363296508789,,,,,-87.76831092258617,-88.83145871171936,-0.04854782508848879,,,0.2903785705566406,0.05931258201599121,50,0.9894955130639536,(0.5100487446771145+0.7509509706046169j),(0.009359479725674892-0.004605739636485293j),0.1327354907989502,0.13385295867919922,0.5588030815124512
77,77,(1.0000000000000002+0j),10000,10000,1,10000,0.06360697746276855,(0.42472088155957655+0.8068449848431655j),(-9.654699395879358e-07+9.149470348474819e-07j),0.9971767275731205,0.05598568916320801,0.6946712536735957,0.6986104202157657,,,108745,5441268,,,,,,,0.16323137283325195,0.07926177978515625,0.0013396739959716797,,,,,-87.77986025861395,-88.82015253222725,-0.06970142449834202,,,0.3006870746612549,0.06531405448913574,50,0.991018972335349,(0.42472088155957655+0.8068449848431655j),(0.007337759081343166+0.006391321119875812j),0.1445920467376709,0.14582014083862305,0.5863571166992188
78,78,(1.0000000000000002+0j),10000,10000,1,10000,0.06971144676208496,(0.46877089108059194+0.7825073570157884j),(-3.1064081569244544e-07+6.756648345933166e-07j),0.9975343799944385,0.05587506294250488,0.6962616312765312,0.6997078046779834,,,106814,5429298,,,,,,,0.15565228462219238,0.06943702697753906,0.001384735107421875,,,,,-87.79099281226696,-88.80608942809344,-0.09174317983651904,,,0.28319430351257324,0.05824160575866699,50,0.9921214162346992,(0.46877089108059194+0.7825073570157884j),(0.007759173757542857+0.005230878643223117j),0.12677812576293945,0.12785053253173828,0.5497446060180664
79,79,(1+0j),10000,10000,1,10000,0.0612339973449707,(0.49813581517223565+0.7603345177823959j),(-2.633967842052144e-07-3.2646258444476967e-07j),0.9977853866713364,0.05125069618225098,0.6875478090089169,0.6906032603069922,,,107561,5436794,,,,,,,0.15894317626953125,0.0755760669708252,0.0013468265533447266,,,,,-87.80221693561562,-88.79840180540599,-0.10061445407984522,,,0.2879011631011963,0.060332298278808594,50,0.9928919381657497,(0.49813581517223565+0.7603345177823959j),(0.004886575590457824+0.0073918844900964994j),0.12646007537841797,0.12752580642700195,0.5563628673553467
80,80,(1+0j),10000,10000,1,10000,0.06487464904785156,(0.5056239067511848+0.7471490141207938j),(3.622830071932805e-07-2.435877039256327e-07j),0.9979670503810588,0.053322553634643555,0.66889354724226,0.6716215169221359,,,107516,5436278,,,,,,,0.1522388458251953,0.07361388206481934,0.0013742446899414062,,,,,-87.81463233790784,-88.798204949723,-0.09179788564922714,,,0.2813894748687744,0.06306934356689453,50,0.9934059815299787,(0.5056239067511848+0.7471490141207938j),(0.006673860938183895+0.0051599399880060395j),0.1236104965209961,0.12469315528869629,0.5448746681213379
81,81,(1.0000000000000002+0j),10000,10000,1,10000,0.06564593315124512,(0.533040013847559+0.71451207380469j),(-2.689248713335963e-07-4.4143420122647765e-07j),0.9980831913563367,0.051302433013916016,0.6406701474621802,0.6431333114713789,,,108267,5447008,,,,,,,0.1622166633605957,0.07720351219177246,0.0013649463653564453,,,,,-87.82921897128834,-88.79994656260764,-0.07298477573056297,,,0.2929363250732422,0.055895090103149414,50,0.9937415736192646,(0.533040013847559+0.71451207380469j),(0.004414295312838262-0.006815885781390791j),0.12393784523010254,0.12502574920654297,0.5500650405883789
82,82,(0.9999999999999994+0j),10000,10000,1,10000,0.07104992866516113,(0.5625846405363452+0.6718724076556479j),(8.773103364612835e-07-3.2907975045462685e-07j),0.9981545026739407,0.05115318298339844,0.6033584670541406,0.6055916399981681,,,109353,5450716,,,,,,,0.16264963150024414,0.07465720176696777,0.0012934207916259766,,,,,-87.84689376442475,-88.79924554018675,-0.053351533720554095,,,0.29050612449645996,0.05610799789428711,50,0.9939370074092596,(0.5625846405363452+0.6718724076556479j),(0.00789489642417633+0.0016182251707839268j),0.12467002868652344,0.1257777214050293,0.5542807579040527
83,83,(0.9999999999999996+0j),10000,10000,1,10000,0.06482791900634766,(0.5620896952543379+0.6456946283030874j),(-6.443816662763915e-07+7.046267931078143e-08j),0.9981993086031485,0.05843973159790039,0.558142300872261,0.5601578273274789,,,109904,5456348,,,,,,,0.16033124923706055,0.07837915420532227,0.0013914108276367188,,,,,-87.86823520842225,-88.79721706687911,-0.03701556546476886,,,0.29939842224121094,0.07316112518310547,50,0.9940243140421714,(0.5620896952543379+0.6456946283030874j),(0.007021283344487929+0.004298236696948171j),0.12905359268188477,0.13011693954467773,0.5784473419189453
84,84,(1.0000000000000004+0j),10000,10000,1,10000,0.06188344955444336,(0.5324281569015368+0.6366185818198603j),(4.0533580690377837e-07+3.361875865092196e-07j),0.9982294940996146,0.05281996726989746,0.507493916965187,0.5092957427153707,,,111326,5461270,,,,,,,0.17638039588928223,0.07831263542175293,0.0013213157653808594,,,,,-87.89434733031543,-88.79228575528337,-0.02300273911589698,,,0.30966806411743164,0.06421113014221191,50,0.9940485769812357,(0.5324281569015368+0.6366185818198603j),(0.006844259382768345+0.004603541861287648j),0.12289762496948242,0.1239476203918457,0.570753812789917
85,85,(1.0000000000000004+0j),10000,10000,1,10000,0.06732296943664551,(0.49406160641494046+0.6253710242720479j),(1.3519111023304715e-07+1.0572456509417126e-06j),0.9982494224250448,0.05244159698486328,0.4558297280234594,0.45742985912666767,,,114876,5489708,,,,,,,0.15853619575500488,0.06940293312072754,0.0013535022735595703,,,,,-87.9251528635346,-88.7861455766924,-0.011270321780257315,,,0.2825913429260254,0.06023836135864258,50,0.9940291056360903,(0.49406160641494046+0.6253710242720479j),(0.006661713364164436+0.004942330846561284j),0.12840819358825684,0.1298666000366211,0.553992748260498
86,86,(0.9999999999999996+0j),10000,10000,1,10000,0.06411361694335938,(0.4620767256713+0.5991315883781873j),(2.424915876966759e-07+2.7175597793812744e-08j),0.9982708240543993,0.052774906158447266,0.40984861689727486,0.4112697025340791,,,115964,5499964,,,,,,,0.16567015647888184,0.07615876197814941,0.0013816356658935547,,,,,-87.96173376591148,-88.78051023626398,-0.001996790749893529,,,0.2967963218688965,0.06761527061462402,50,0.99400444214345,(0.4620767256713+0.5991315883781873j),(0.00031770689929326384-0.008267440198234036j),0.12497615814208984,0.12604045867919922,0.565446138381958
87,87,(0.9999999999999997+0j),10000,10000,1,10000,0.06523656845092773,(0.4377395853828067+0.5572354579555057j),(8.106606603504324e-07+1.7555937333454524e-07j),0.9983062952913612,0.05540657043457031,0.3779169728149885,0.37920039200614597,,,119863,5528674,,,,,,,0.1743452548980713,0.07815170288085938,0.0013823509216308594,,,,,-88.00353512277768,-88.77506149067489,0.006973434326708627,,,0.31012582778930664,0.06877493858337402,50,0.9940306304626275,(0.4377395853828067+0.5572354579555057j),(0.006549512936110254+0.005214369234842017j),0.13370513916015625,0.13494277000427246,0.5901422500610352
88,88,(1.0000000000000002+0j),10000,10000,1,10000,0.07093596458435059,(0.6508225387477278-0.06408326359049858j),(-5.920197248552023e-07+3.4581817137333643e-07j),0.9983608607297859,0.0558779239654541,0.3681059232207229,0.3693156505234805,,,120858,5529338,,,,,,,0.17779803276062012,0.08024191856384277,0.0017118453979492188,,,,,-88.049376018641,-88.76993194670774,0.017473789411582993,,,0.31652259826660156,0.05790305137634277,50,0.9941387638523359,(0.6508225387477278-0.06408326359049858j),(-0.0022673688548571986-0.007795634729973873j),0.12632369995117188,0.12742948532104492,0.5923287868499756
89,89,(0.9999999999999999+0j),10000,10000,1,10000,0.06557965278625488,(0.7098497177845555-0.07180857920306352j),(-4.1631995847953533e-07-9.333956849283207e-07j),0.9984508925116381,0.054291486740112305,0.38518176941596505,0.3863779240827886,,,126354,5572646,,,,,,,0.1761174201965332,0.07945775985717773,0.00153350830078125,,,,,-88.09671141747197,-88.76518263200288,0.02915492258859184,,,0.3121793270111084,0.058773040771484375,50,0.9943588586448165,(0.7098497177845555-0.07180857920306352j),(-0.001968232716925262-0.007743217685108459j),0.1271066665649414,0.12820219993591309,0.5753178596496582
90,90,(0.9999999999999997+0j),10000,10000,1,10000,0.06377220153808594,(0.7654202221473633-0.06217517461680517j),(4.726621861141606e-07-1.8612175072151505e-07j),0.9985585676406843,0.053049564361572266,0.4282119826832629,0.42944913416241953,,,130413,5600954,,,,,,,0.18252062797546387,0.08236002922058105,0.0016558170318603516,,,,,-88.14267726612538,-88.76024301362622,0.04139464935409115,,,0.3204936981201172,0.06185197830200195,50,0.9946664150442435,(0.7654202221473633-0.06217517461680517j),(0.007336480875401713-0.002443401255299742j),0.12578821182250977,0.12688541412353516,0.5837934017181396
91,91,(0.9999999999999999+0j),10000,10000,1,10000,0.06554293632507324,(0.8137492360691605-0.05218924752852705j),(7.633491755803909e-07+3.6469578310321756e-08j),0.9986892806619599,0.051758527755737305,0.49047729381159105,0.4917655822825678,,,135160,5638100,,,,,,,0.16715145111083984,0.07404637336730957,0.001613616943359375,,,,,-88.18453315810171,-88.75519892411126,0.05358114491875095,,,0.29540324211120605,0.059966325759887695,50,0.9950519633700432,(0.8137492360691605-0.05218924752852705j),(0.007294398455504574+0.0016686299424207255j),0.12162446975708008,0.12272453308105469,0.5543992519378662
92,92,(1+0j),10000,10000,1,10000,0.06281089782714844,(0.8517675970769226-0.07376991211284314j),(6.510827902443195e-07-1.349144824186199e-07j),0.9988324735140803,0.04974365234375,0.5620235041117646,0.5633381606615273,,,138060,5659888,,,,,,,0.17656898498535156,0.0847632884979248,0.001768350601196289,,,,,-88.22064025660855,-88.7512764658647,0.06492292730920739,,,0.31374549865722656,0.06970047950744629,50,0.9954951250513098,(0.8517675970769226-0.07376991211284314j),(0.006667312863265295-0.0024097177262337103j),0.141007661819458,0.14228391647338867,0.5998973846435547
93,93,(1.0000000000000007+0j),10000,10000,1,10000,0.07498669624328613,(0.8771017416414882-0.129047321704681j),(2.5589356914323023e-07+4.5098447717481274e-07j),0.9989791922634617,0.0569615364074707,0.6331826822850645,0.6344773799651577,,,143529,5700486,,,,,,,0.15801644325256348,0.0805044174194336,0.001672983169555664,,,,,-88.25039938245936,-88.74927268145485,0.07428016376626052,,,0.2980523109436035,0.06235694885253906,50,0.9959562716871604,(0.8771017416414882-0.129047321704681j),(-0.0063793804918092336+0.0017613599532233495j),0.1271827220916748,0.12829041481018066,0.5745000839233398
94,94,(0.9999999999999998+0j),10000,10000,1,10000,0.06706690788269043,(0.8942394518589662-0.17327667671524535j),(-1.387057911122627e-07-4.824438246313478e-07j),0.9991162296653981,0.05083322525024414,0.6969753801636068,0.6982089475378808,,,147471,5725714,,,,,,,0.17097234725952148,0.07828021049499512,0.0017049312591552734,,,,,-88.27355599620479,-88.75019016989759,0.0820469554817877,,,0.3026111125946045,0.05361318588256836,50,0.9964136587239795,(0.8942394518589662-0.17327667671524535j),(0.0046026560977129646-0.0037905949922574923j),0.12308049201965332,0.12415647506713867,0.5582528114318848
95,95,(1.0000000000000002+0j),10000,10000,1,10000,0.06305360794067383,(0.9170345926566279-0.1484159852167408j),(-3.3121467619115716e-07-2.404440666758334e-07j),0.9992410750697128,0.05306577682495117,0.7497000277859301,0.7508392565881851,,,152112,5761142,,,,,,,0.17650723457336426,0.08200764656066895,0.0017986297607421875,,,,,-88.29191458478387,-88.75602261862863,0.08445850452642789,,,0.31422877311706543,0.06398558616638184,50,0.9968456801160607,(0.9170345926566279-0.1484159852167408j),(-0.0027846545830885255+0.00484104289818442j),0.1351456642150879,0.1364119052886963,0.5889630317687988
96,96,(1.0000000000000002+0j),10000,10000,1,10000,0.06165647506713867,(0.9331428175711535-0.12802290817504391j),(-1.6450976811316187e-07+3.8123415188841827e-08j),0.9993552163861641,0.05222630500793457,0.7901743146330986,0.7911942839165721,,,155916,5788980,,,,,,,0.1752464771270752,0.08283257484436035,0.001825571060180664,,,,,-88.30540463126609,-88.76324379315948,0.08229862500063898,,,0.3129689693450928,0.06529474258422852,50,0.9972439655866476,(0.9331428175711535-0.12802290817504391j),(0.005258893628428595+0.0007914287592898374j),0.12649893760681152,0.1275784969329834,0.5782554149627686
97,97,(1+0j),10000,10000,1,10000,0.06772613525390625,(0.922958590814176-0.22715502704342322j),(1.1227652583520997e-08-2.5106896484137983e-07j),0.9994478205411274,0.058797597885131836,0.8185391386033937,0.8194438488752955,,,154923,5772686,,,,,,,0.17409467697143555,0.07863998413085938,0.001844644546508789,,,,,-88.31602642804427,-88.7657289386271,0.08457077084109461,,,0.3153247833251953,0.062087297439575195,50,0.9975894147178364,(0.922958590814176-0.22715502704342322j),(0.005066757458612331+0.00025609585521067j),0.12759017944335938,0.12865972518920898,0.5931603908538818
98,98,(1.0000000000000002+0j),10000,10000,1,10000,0.0644230842590332,(0.9364938528473153-0.18931417360310654j),(-3.523274726061389e-07-1.5200148553068e-07j),0.9995329860887543,0.052052974700927734,0.8353604587132988,0.8361412555454367,,,159116,5809900,,,,,,,0.1712169647216797,0.08168697357177734,0.0018115043640136719,,,,,-88.32422916456373,-88.7662744935001,0.08076887593970172,,,0.3076314926147461,0.060469865798950195,50,0.9978733892587013,(0.9364938528473153-0.18931417360310654j),(0.004481293321686631-0.0015150694717555955j),0.12395906448364258,0.1250464916229248,0.5683741569519043
99,99,(0.9999999999999996+0j),10000,10000,1,10000,0.06604647636413574,(0.9218731612240095-0.25738370733015303j),(-2.424571080242301e-07+2.434563695817008e-07j),0.9995958647043244,0.05422782897949219,0.8414076083162653,0.842088105833213,,,159852,5810666,,,,,,,0.1704118251800537,0.07982468605041504,0.0018508434295654297,,,,,-88.33129828532796,-88.76177281266943,0.0787865452290066,,,0.30720067024230957,0.062094688415527344,50,0.9980998651157474,(0.9218731612240095-0.25738370733015303j),(0.004564838439081934-0.00022144816014579413j),0.125593900680542,0.1266775131225586,0.5727808475494385
100,100,(1.0000000000000002+0j),10000,10000,1,10000,0.06185269355773926,(0.8923503346613167-0.34252280786884864j),(-3.8658202019496044e-07-2.907056031767352e-07j),0.9996441468039236,0.05318784713745117,0.8373835275121311,0.8379798169897394,,,158492,5809272,,,,,,,0.1698009967803955,0.08212947845458984,0.0019314289093017578,,,,,-88.33810532257209,-88.7584607834421,0.06723207192544392,,,0.30800509452819824,0.05600094795227051,50,0.9982734538407168,(0.8923503346613167-0.34252280786884864j),(0.004319241963620813+0.0009433328535823095j),0.12639284133911133,0.12746381759643555,0.5642492771148682
101,101,(1.0000000000000004+0j),10000,10000,1,10000,0.06491780281066895,(0.8591550448147598-0.40890502982180166j),(-2.677574268559356e-07-4.003989792789793e-07j),0.9996806173349653,0.05138802528381348,0.8234313037314388,0.8239575351903438,,,155601,5783176,,,,,,,0.17397427558898926,0.08950448036193848,0.0016429424285888672,,,,,-88.3453799078756,-88.75655159936176,0.044106690116415985,,,0.3174002170562744,0.06284594535827637,50,0.9983973945260867,(0.8591550448147598-0.40890502982180166j),(-0.0013653335583500659+0.00415615531601793j),0.1355729103088379,0.13671064376831055,0.5931613445281982
102,102,(0.9999999999999998+0j),10000,10000,1,10000,0.06291413307189941,(0.7533757456884572-0.5683872793019743j),(3.416920918440716e-07+4.43253259338052e-08j),0.9997110563735737,0.051688432693481445,0.7989954727626405,0.7994574022591705,,,155331,5786982,,,,,,,0.16492438316345215,0.08419942855834961,0.0015804767608642578,,,,,-88.35361766917357,-88.75124438024363,0.02198483260140555,,,0.30326390266418457,0.0547795295715332,50,0.998477714508844,(0.7533757456884572-0.5683872793019743j),(-0.0010495017735821463+0.00414272140534874j),0.13602447509765625,0.1371448040008545,0.5693356990814209
103,103,(1.0000000000000009+0j),10000,10000,1,10000,0.06464886665344238,(0.6945741030638166-0.6210727679098541j),(1.2479650739760934e-08-1.2228931436569866e-07j),0.9997290612644137,0.05202293395996094,0.763073224620767,0.7634868849173481,,,148877,5730596,,,,,,,0.17071223258972168,0.08179903030395508,0.0016961097717285156,,,,,-88.36294919979314,-88.7416903453813,-0.0036839297829648625,,,0.3071308135986328,0.06507754325866699,50,0.9985229080266974,(0.6945741030638166-0.6210727679098541j),(-0.002250892766256116-0.0037613737355897334j),0.1362917423248291,0.13742494583129883,0.5857391357421875
104,104,(0.9999999999999994+0j),10000,10000,1,10000,0.06372499465942383,(0.5784293902178409-0.7081509231749454j),(3.2985155528783904e-07+1.92983181574061e-07j),0.999745801617701,0.051859140396118164,0.7148686748165982,0.7152322503625869,,,146263,5721262,,,,,,,0.16977763175964355,0.08261942863464355,0.0017533302307128906,,,,,-88.37312019579021,-88.72658605443604,-0.01771716022111191,,,0.30689072608947754,0.06247282028198242,50,0.9985396813976368,(0.5784293902178409-0.7081509231749454j),(0.0012046918501187334-0.004060999143973632j),0.13443374633789062,0.1355428695678711,0.5790839195251465
105,105,(1.0000000000000002+0j),10000,10000,1,10000,0.06412410736083984,(0.5146526536534451-0.7261446173024937j),(-3.534765146692707e-08-7.309978171388604e-08j),0.999756292009006,0.0508425235748291,0.6549923994425992,0.6553117699511433,,,141636,5688848,,,,,,,0.1583240032196045,0.08312439918518066,0.0014994144439697266,,,,,-88.38376326276716,-88.7081616969839,-0.02505822835452232,,,0.2946603298187256,0.061411380767822266,50,0.9985361979352836,(0.5146526536534451-0.7261446173024937j),(0.0035337335607007153-0.002591294124633977j),0.1348590850830078,0.13599061965942383,0.5674610137939453
106,106,(1+0j),10000,10000,1,10000,0.0638277530670166,(0.410627495823185-0.7522807502765888j),(-1.6684515812444695e-07-6.380527619594547e-08j),0.9997682396395888,0.05237150192260742,0.5871414246350446,0.5874136714918042,,,141284,5687316,,,,,,,0.16620731353759766,0.08077168464660645,0.002779245376586914,,,,,-88.39400607794394,-88.68698892242737,-0.022168506805905076,,,0.30292749404907227,0.0743262767791748,50,0.9985234817756732,(0.410627495823185-0.7522807502765888j),(0.0033095421949502217-0.002841600091549017j),0.14532804489135742,0.14657974243164062,0.598524808883667
107,107,(1+0j),10000,10000,1,10000,0.0656118392944336,(0.39062326661215263-0.7141305143148993j),(2.595603327353246e-07+2.577909644247251e-08j),0.9997775967906598,0.05199432373046875,0.5196492080395374,0.5198804284761268,,,135969,5643768,,,,,,,0.16958975791931152,0.08104801177978516,0.0015041828155517578,,,,,-88.40208325346775,-88.6665160715524,-0.02117890385782704,,,0.30496811866760254,0.065032958984375,50,0.9985151674865078,(0.39062326661215263-0.7141305143148993j),(0.004221713503155377-0.001560083207090452j),0.13528227806091309,0.13640332221984863,0.583134651184082
108,108,(1.0000000000000002+0j),10000,10000,1,10000,0.06283330917358398,(0.030231366871852624-0.7600547728562098j),(-1.6163452174594258e-08-1.3020097202366207e-07j),0.999790441559955,0.05465555191040039,0.46536904514994587,0.46556415049905636,,,132921,5615442,,,,,,,0.1665050983428955,0.08219051361083984,0.0015192031860351562,,,,,-88.39429196201274,-88.6364239543405,0.004209055531000026,,,0.3057138919830322,0.06293368339538574,50,0.9985235087429924,(0.030231366871852624-0.7600547728562098j),(-0.004114076032989985+0.0019238685838129127j),0.13277053833007812,0.1338956356048584,0.56730055809021
109,109,(0.9999999999999997+0j),10000,10000,1,10000,0.06355977058410645,(0.42297535854858836-0.5628822989764543j),(1.0719734536652873e-07-1.3911506502834875e-07j),0.9998069537110517,0.049896240234375,0.4377348270957785,0.4379038822152271,,,134651,5632432,,,,,,,0.16744089126586914,0.08458876609802246,0.0014557838439941406,,,,,-88.38776730599153,-88.62926846407588,-0.03239462575162552,,,0.304276704788208,0.06435155868530273,50,0.99856339162673,(0.42297535854858836-0.5628822989764543j),(-0.0037758846553124113+0.00246864606698677j),0.1367475986480713,0.1378772258758545,0.5718457698822021
110,110,(0.9999999999999998+0j),10000,10000,1,10000,0.06522059440612793,(-0.029596329470632985-0.7058963861350416j),(-1.9524534126242433e-07-7.392884966380514e-08j),0.9998212551847908,0.05565333366394043,0.4330510312713721,0.43320588404195126,,,131113,5603794,,,,,,,0.19240188598632812,0.08553123474121094,0.0014081001281738281,,,,,-88.39498941804162,-88.61862359257387,-0.025190089022170965,,,0.33582425117492676,0.06275463104248047,50,0.9986168412164349,(-0.029596329470632985-0.7058963861350416j),(-0.0010642655459112832-0.004453973529195743j),0.13551878929138184,0.1366431713104248,0.6023058891296387
111,111,(0.9999999999999998+0j),10000,10000,1,10000,0.06243181228637695,(0.17642009301988065-0.7144822121461781j),(1.0389532028414569e-07+1.2275744500245498e-07j),0.9998322964413904,0.05338883399963379,0.43768453466773793,0.43783137411297585,,,129557,5586466,,,,,,,0.16842913627624512,0.08297395706176758,0.0014879703521728516,,,,,-88.41063872037198,-88.60580808470047,-0.0012032717415248505,,,0.307175874710083,0.06248617172241211,50,0.998673415479481,(0.17642009301988065-0.7144822121461781j),(0.0034297190702787974-0.003168646953462097j),0.13621783256530762,0.1373426914215088,0.5803439617156982
112,112,(1+0j),10000,10000,1,10000,0.06501054763793945,(0.29925000073697855-0.6878642185416011j),(-3.8951206832953614e-08+3.0322783346146807e-07j),0.9998417800373735,0.052758216857910156,0.43992070635656877,0.4400599478773165,,,129804,5595936,,,,,,,0.16448569297790527,0.08206748962402344,0.0014793872833251953,,,,,-88.39417260818382,-88.59602515832502,0.007963818446064853,,,0.3016500473022461,0.06072187423706055,50,0.9987243102193402,(0.29925000073697855-0.6878642185416011j),(0.0029759087331236857-0.003571983182529718j),0.13658595085144043,0.13773465156555176,0.5669460296630859
113,113,(1.0000000000000002+0j),10000,10000,1,10000,0.06399655342102051,(0.2340709272768575-0.7160774235700018j),(-9.83408842250342e-08-3.154309953148984e-07j),0.9998481835165297,0.05476260185241699,0.43550339678290445,0.4356356600902453,,,129406,5584738,,,,,,,0.15921688079833984,0.08176803588867188,0.0014672279357910156,,,,,-88.40852900422216,-88.59872750825826,-2.016943072735848e-05,,,0.2980518341064453,0.059728145599365234,50,0.998766608405094,(0.2340709272768575-0.7160774235700018j),(0.0032444815146905506-0.003020838007724248j),0.13220810890197754,0.13335132598876953,0.5568785667419434
114,114,(0.9999999999999999+0j),10000,10000,1,10000,0.06135725975036621,(0.04667012875206308-0.7449782591710196j),(-2.17188878844926e-07-2.874835661853534e-08j),0.9998521378402311,0.05210089683532715,0.4225233805645778,0.42264835872241113,,,130751,5602758,,,,,,,0.16223740577697754,0.08456039428710938,0.0016474723815917969,,,,,-88.42423561912064,-88.6129125195817,-0.00895297638253048,,,0.3013725280761719,0.05984663963317871,50,0.9987966182715655,(0.04667012875206308-0.7449782591710196j),(-0.004062794289830305+0.0015200948605046472j),0.1369948387145996,0.13813018798828125,0.5721282958984375
115,115,(1.0000000000000004+0j),10000,10000,1,10000,0.0650479793548584,(-0.08489545015455364-0.7250035464238407j),(9.575381295046864e-08-1.3208741111965038e-07j),0.999852038078144,0.053507328033447266,0.4015470940717731,0.4016659478093729,,,129490,5588232,,,,,,,0.17461395263671875,0.08382105827331543,0.0014052391052246094,,,,,-88.42005449856023,-88.6265991687529,-0.006414925428755091,,,0.3141899108886719,0.06421518325805664,50,0.9988120434011887,(-0.08489545015455364-0.7250035464238407j),(-0.003508330804309624+0.0023190057643206136j),0.1367654800415039,0.13789796829223633,0.5830953121185303
116,116,(0.9999999999999998+0j),10000,10000,1,10000,0.0621647834777832,(-0.06672042088319631-0.7025936386019133j),(8.279982374471687e-08-8.34763094632183e-08j),0.999853264412265,0.05649566650390625,0.3759803572310413,0.3760907209192583,,,129173,5584918,,,,,,,0.1663830280303955,0.07680773735046387,0.0013072490692138672,,,,,-88.42763695208754,-88.62964117779562,0.002205286352544647,,,0.3018147945404053,0.07167387008666992,50,0.9988155345606649,(-0.06672042088319631-0.7025936386019133j),(-0.0035819431767787945+0.0021159871957769764j),0.1351926326751709,0.13628840446472168,0.5825276374816895
117,117,(0.9999999999999997+0j),10000,10000,1,10000,0.07254338264465332,(0.053292909624610404-0.6725486162629956j),(1.396196587078877e-07-2.4634725114593103e-07j),0.999852251417414,0.05371975898742676,0.34973963307236045,0.3498430030510692,,,126626,5560222,,,,,,,0.1608421802520752,0.08015966415405273,0.0014536380767822266,,,,,-88.4495946006644,-88.62399060358459,0.00585960856893897,,,0.29707884788513184,0.06759309768676758,50,0.9988122203950585,(0.053292909624610404-0.6725486162629956j),(-0.0039604664305146215+0.0013926798122964258j),0.13607263565063477,0.13716363906860352,0.5851178169250488
118,118,(1+0j),10000,10000,1,10000,0.06635904312133789,(0.1809580492871289-0.61060001375762j),(-2.706272494948787e-07+1.0884082818891344e-07j),0.9998537572525662,0.05699944496154785,0.3276970193266976,0.3277928869809732,,,131193,5597786,,,,,,,0.1757049560546875,0.08330845832824707,0.0014684200286865234,,,,,-88.46694577140683,-88.6155798002191,0.0025059026640017927,,,0.3182966709136963,0.05767250061035156,50,0.9988127466083083,(0.1809580492871289-0.61060001375762j),(0.0010745715275746223+0.004054110126250569j),0.1382763385772705,0.13941097259521484,0.5929806232452393
119,119,(1+0j),10000,10000,1,10000,0.06450223922729492,(0.23499494132142532-0.5444303026509051j),(2.2528608747360012e-07+9.228768545484429e-08j),0.9998550872201958,0.05320239067077637,0.3163354157640671,0.31642711778567567,,,129504,5581018,,,,,,,0.1617577075958252,0.07993030548095703,0.0015087127685546875,,,,,-88.47425574906963,-88.6084224859723,-0.001908028586402543,,,0.2972385883331299,0.057120323181152344,50,0.9988266956191825,(0.23499494132142532-0.5444303026509051j),(0.0008306113237376881+0.004090207850093177j),0.13593292236328125,0.13704872131347656,0.5671062469482422
120,120,(0.9999999999999998+0j),10000,10000,1,10000,0.06392145156860352,(0.5490454246971294+0.30688299877047637j),(-2.023572825819392e-07+5.8881348796520854e-08j),0.9998610515080063,0.05333375930786133,0.3228323199866159,0.32292205281660286,,,130446,5594294,,,,,,,0.18089580535888672,0.08381533622741699,0.001524209976196289,,,,,-88.48598061247182,-88.60386928875647,-0.0033121055642999307,,,0.3204779624938965,0.060608625411987305,50,0.9988599198760806,(0.5490454246971294+0.30688299877047637j),(0.0027872189658079906+0.0029307097524225805j),0.13754749298095703,0.13870835304260254,0.5948426723480225
121,121,(0.9999999999999999+0j),10000,10000,1,10000,0.06486320495605469,(0.6020178861230934+0.34683801844876355j),(-1.4691452361699805e-07-1.8965716919957067e-07j),0.9998701845929666,0.052163124084472656,0.35277846023329096,0.35287007023030403,,,131086,5596968,,,,,,,0.16095209121704102,0.08254384994506836,0.0014297962188720703,,,,,-88.505201995682,-88.60157649425038,-0.0021371313085261066,,,0.2978987693786621,0.06085062026977539,50,0.9989209407991484,(0.6020178861230934+0.34683801844876355j),(2.522185778814393e-06+0.003943113462366594j),0.1365799903869629,0.13771963119506836,0.5725042819976807
122,122,(1.0000000000000004+0j),10000,10000,1,10000,0.06263518333435059,(0.6385913555394297+0.40527180419209163j),(1.2180852789425422e-08-7.597453867596584e-08j),0.9998814455591797,0.05496478080749512,0.4074272263335036,0.40752384812956444,,,131937,5602174,,,,,,,0.18105101585388184,0.0822296142578125,0.0013456344604492188,,,,,-88.52433496102958,-88.60041301114569,-6.344419680888466e-06,,,0.3204071521759033,0.06228804588317871,50,0.9990060166882732,(0.6385913555394297+0.40527180419209163j),(0.002520022321774384+0.0027446723819951465j),0.13993549346923828,0.14104747772216797,0.5985546112060547
123,123,(1+0j),10000,10000,1,10000,0.06532597541809082,(0.6580654841075931+0.4735783740527754j),(-2.0620599118236483e-08-1.1160850561669598e-07j),0.9998960461371164,0.0567929744720459,0.48192784091661867,0.48202805306389657,,,133522,5607532,,,,,,,0.16560935974121094,0.08301806449890137,0.0014939308166503906,,,,,-88.53935075052377,-88.59943671827223,0.001714756030018276,,,0.3078451156616211,0.0581202507019043,50,0.9991067417895333,(0.6580654841075931+0.4735783740527754j),(0.0029945826121928138+0.0016318580190503628j),0.13712215423583984,0.13824892044067383,0.5807931423187256
124,124,(1+0j),10000,10000,1,10000,0.06482338905334473,(0.6694801194817832+0.5339059517220005j),(1.4537003482720293e-07-1.3066427812469243e-08j),0.99990946317588,0.057420969009399414,0.5665654236046068,0.5666680276067761,,,131330,5597166,,,,,,,0.17059087753295898,0.08244776725769043,0.0014829635620117188,,,,,-88.5521735069983,-88.5984211332894,0.002151434309466781,,,0.3127586841583252,0.06389355659484863,50,0.9992163262715246,(0.6694801194817832+0.5339059517220005j),(0.0031010394098857016-0.00018073689350269593j),0.1349809169769287,0.1361098289489746,0.5965549945831299
125,125,(1.0000000000000002+0j),10000,10000,1,10000,0.06161832809448242,(0.676665936183365+0.5820937454717158j),(-1.7023003785803078e-07+8.717104928441709e-08j),0.9999236333241021,0.05514264106750488,0.6505265116628263,0.6506258801399001,,,134391,5616830,,,,,,,0.1635279655456543,0.08799362182617188,0.0015807151794433594,,,,,-88.56436851108992,-88.59741559541874,0.0013754594856316346,,,0.30910348892211914,0.06734204292297363,50,0.9993237426979656,(0.676665936183365+0.5820937454717158j),(-0.002755489786648172+0.00011832427251625673j),0.1386711597442627,0.1400008201599121,0.5894575119018555
126,126,(1.0000000000000002+0j),10000,10000,1,10000,0.06735396385192871,(0.6767197920230466+0.6236763931899707j),(5.102747656897962e-08+1.4218215276390735e-07j),0.9999365306990581,0.05842781066894531,0.7255163746021178,0.7256084794050018,,,134064,5618170,,,,,,,0.16883134841918945,0.08209347724914551,0.0014181137084960938,,,,,-88.57485906583807,-88.59633670246487,7.128101287596438e-05,,,0.3115808963775635,0.05483722686767578,50,0.9994198779376069,(0.6767197920230466+0.6236763931899707j),(-0.0016762020160263332+0.0018562883597580686j),0.14691543579101562,0.14805340766906738,0.5929512977600098
127,127,(1.0000000000000007+0j),10000,10000,1,10000,0.0643620491027832,(0.6564630326584865+0.673793235071792j),(9.902658778154037e-08+2.125527578561531e-08j),0.9999474720982203,0.05533957481384277,0.7873186014229195,0.7874013203287683,,,138290,5650678,,,,,,,0.17415070533752441,0.08348822593688965,0.0014226436614990234,,,,,-88.58219697644329,-88.59515144491681,-0.0008150444665641418,,,0.3152477741241455,0.06068301200866699,50,0.9995017459116461,(0.6564630326584865+0.673793235071792j),(0.0007307289315500948-0.0022716958722614118j),0.135361909866333,0.1364891529083252,0.5879921913146973
128,128,(1.0000000000000002+0j),10000,10000,1,10000,0.06430935859680176,(0.5780349377720779+0.7606961507522172j),(-1.6144229881483772e-07-4.523603842844638e-08j),0.9999566491834802,0.0524289608001709,0.8353190675111765,0.8353914957481394,,,140877,5673670,,,,,,,0.17642474174499512,0.08576345443725586,0.0015630722045898438,,,,,-88.58649764386668,-88.59403328586477,-0.000358174044984181,,,0.31708240509033203,0.06178927421569824,50,0.9995690992080839,(0.5780349377720779+0.7606961507522172j),(0.0012406766672789931-0.0018123766807299872j),0.13538861274719238,0.13657355308532715,0.5911252498626709
129,129,(0.9999999999999996+0j),10000,10000,1,10000,0.06355404853820801,(0.4952505802054251+0.8291191434188484j),(-2.102913900217555e-07+6.222399172698679e-08j),0.9999636864346145,0.05296182632446289,0.8710959357518285,0.8711592043965123,,,147819,5723740,,,,,,,0.15848970413208008,0.08146166801452637,0.0015506744384765625,,,,,-88.58887360047815,-88.59313359463889,0.00045134557850674573,,,0.29530811309814453,0.06207990646362305,50,0.9996211970290936,(0.4952505802054251+0.8291191434188484j),(0.0020021045924228853+3.978432387667037e-05j),0.14303255081176758,0.1443333625793457,0.576836109161377
130,130,(0.9999999999999997+0j),10000,10000,1,10000,0.07009625434875488,(0.5712504544477193+0.7876427146287893j),(-2.706370685377695e-08+1.2195495501627802e-07j),0.9999686250004435,0.055098533630371094,0.8969222230811329,0.8969785075987121,,,149007,5736908,,,,,,,0.16066193580627441,0.08255791664123535,0.0014886856079101562,,,,,-88.59074772063587,-88.5926901738335,-0.0005494558340037106,,,0.30063438415527344,0.06393933296203613,50,0.9996605292178237,(0.5712504544477193+0.7876427146287893j),(0.0019373404304618455+6.535233610256468e-05j),0.1328880786895752,0.13403034210205078,0.5798518657684326
131,131,(1.0000000000000004+0j),10000,10000,1,10000,0.060129404067993164,(0.5913462679667602+0.7789175208137981j),(1.0479748648170962e-07+6.023862171811672e-08j),0.9999716329217233,0.05192255973815918,0.9151347345722068,0.9151866561787914,,,147715,5724732,,,,,,,0.16879677772521973,0.0858469009399414,0.0015404224395751953,,,,,-88.59241890401287,-88.59252158886544,-0.0003050244333016254,,,0.3089561462402344,0.0613102912902832,50,0.999686891849205,(0.5913462679667602+0.7789175208137981j),(0.0017881066487204311+0.0008326995337006356j),0.13381576538085938,0.13498854637145996,0.5766808986663818
132,132,(0.9999999999999999+0j),10000,10000,1,10000,0.06260299682617188,(0.5775690936850475+0.7934830875686177j),(-8.93405853103299e-08+2.8091497243734038e-08j),0.9999733126660793,0.052974700927734375,0.9280542594771294,0.9281037960479577,,,146482,5719472,,,,,,,0.16874933242797852,0.08392095565795898,0.0016088485717773438,,,,,-88.59369719967088,-88.59243259893636,0.000263592658052565,,,0.3081843852996826,0.07097554206848145,50,0.9997024177413065,(0.5775690936850475+0.7934830875686177j),(0.001939994166728419+0.0003669715057635608j),0.1384735107421875,0.13962721824645996,0.5928149223327637
133,133,(1.0000000000000004+0j),10000,10000,1,10000,0.06645584106445312,(0.5931320291031599+0.7849574961862458j),(9.858977427999066e-08+1.0075482196884101e-07j),0.9999739261779705,0.056664466857910156,0.937172892750258,0.9372217660201518,,,145639,5712354,,,,,,,0.1681222915649414,0.08356380462646484,0.0015747547149658203,,,,,-88.59490249442918,-88.59256362843792,0.0001376933222178056,,,0.31081247329711914,0.06319832801818848,50,0.9997076285700717,(0.5931320291031599+0.7849574961862458j),(0.0015923391482600743-0.0013104201048868345j),0.1419386863708496,0.1446399688720703,0.5957753658294678
134,134,(1.0000000000000002+0j),10000,10000,1,10000,0.07160472869873047,(0.6225853435282735+0.7639133750539051j),(-3.33036464505308e-08+5.1285535238813654e-08j),0.9999732480023881,0.05624032020568848,0.9433534467852428,0.9434039219890137,,,142418,5689902,,,,,,,0.18282341957092285,0.08662962913513184,0.0018606185913085938,,,,,-88.59637420831795,-88.59307022539642,-0.00010986280369593722,,,0.32848381996154785,0.06380128860473633,50,0.9997040557931323,(0.6225853435282735+0.7639133750539051j),(0.00014783623102909908-0.002123340108391226j),0.1359577178955078,0.1370863914489746,0.6117711067199707
135,135,(0.9999999999999993+0j),10000,10000,1,10000,0.0639336109161377,(0.6497725848661986+0.7422249365350119j),(-3.7312406181337314e-08+4.103859554412198e-08j),0.9999718615899034,0.0529630184173584,0.9470688671629349,0.9471221674369495,,,139792,5668532,,,,,,,0.16797542572021484,0.07998514175415039,0.001566171646118164,,,,,-88.59839124308621,-88.59411166621321,0.00014332621130325716,,,0.303342342376709,0.06452655792236328,50,0.9996920002993319,(0.6497725848661986+0.7422249365350119j),(-0.00037701599980426875-0.0021889560568676774j),0.1330423355102539,0.13417363166809082,0.5773031711578369
136,136,(1.0000000000000004+0j),10000,10000,1,10000,0.06958270072937012,(0.7001000324899342+0.6955035489718586j),(-2.6030123207998712e-08-1.3899854799348472e-07j),0.9999689358617063,0.05479001998901367,0.9485383969943497,0.9485973307963094,,,134101,5624086,,,,,,,0.16622591018676758,0.07700252532958984,0.0016548633575439453,,,,,-88.6008933904282,-88.59567979801885,0.0006164210146517356,,,0.30054783821105957,0.0685117244720459,50,0.999670199902762,(0.7001000324899342+0.6955035489718586j),(0.0009332415451822768+0.002119837004913914j),0.13859295845031738,0.13972020149230957,0.589444637298584
137,137,(1.0000000000000002+0j),10000,10000,1,10000,0.06669116020202637,(0.7855938640053572+0.5969141973946938j),(3.660230036613262e-08+6.607565167381478e-08j),0.9999644820864293,0.05742812156677246,0.9477530172322508,0.9478203452387598,,,131973,5607058,,,,,,,0.16636204719543457,0.08299398422241211,0.0014030933380126953,,,,,-88.60364524991162,-88.59772014554657,0.0004454505307503838,,,0.3090324401855469,0.058099985122680664,50,0.9996368525517946,(0.7855938640053572+0.5969141973946938j),(-0.002195499764232071-0.0010636506794443864j),0.1331954002380371,0.13435006141662598,0.5794293880462646
138,138,(1.0000000000000002+0j),10000,10000,1,10000,0.0628354549407959,(0.8619499880679401+0.47833763841869775j),(4.6458751676105056e-08+6.724138516843914e-08j),0.9999580956791787,0.05622148513793945,0.9444548813422324,0.9445340397985178,,,128035,5570180,,,,,,,0.1663823127746582,0.08092761039733887,0.001425027847290039,,,,,-88.60644247038091,-88.60021526655787,-0.0005091547867290072,,,0.3058333396911621,0.06349372863769531,50,0.9995924742641318,(0.8619499880679401+0.47833763841869775j),(-0.0026309239475686354-0.0004048921302781025j),0.13301706314086914,0.13416194915771484,0.576904296875
139,139,(0.9999999999999993+0j),10000,10000,1,10000,0.06519794464111328,(0.8877233576182075+0.42474643813637114j),(2.831384865581123e-08-1.626417287941949e-07j),0.9999498195178579,0.05143547058105469,0.938074373132846,0.9381685262684194,,,127577,5573266,,,,,,,0.19623804092407227,0.08366060256958008,0.0015459060668945312,,,,,-88.60933609483446,-88.60337236782891,-0.0009941556906586792,,,0.3337728977203369,0.06616687774658203,50,0.999531383845431,(0.8877233576182075+0.42474643813637114j),(-0.0026050014917862346-0.0011742110544749585j),0.14936566352844238,0.1506953239440918,0.627739429473877
140,140,(1.0000000000000004+0j),10000,10000,1,10000,0.07125735282897949,(0.8590993249772095+0.47432286873948076j),(5.285506221442815e-08-1.805889917833503e-08j),0.9999381338544463,0.05545520782470703,0.9276520475647954,0.9277668387304119,,,127001,5569288,,,,,,,0.18988728523254395,0.07688617706298828,0.001474618911743164,,,,,-88.61242695599758,-88.60751126105654,-9.235931130801061e-05,,,0.32458019256591797,0.06412720680236816,50,0.9994520977205892,(0.8590993249772095+0.47432286873948076j),(-0.00297445246277508+0.001003924268182388j),0.1294546127319336,0.13097691535949707,0.602567195892334
141,141,(0.9999999999999999+0j),10000,10000,1,10000,0.06422543525695801,(0.8122048806037176+0.5431378752431082j),(-9.554793993113377e-08-1.0436622298751518e-07j),0.9999237391903639,0.05299067497253418,0.9117632088869314,0.9119022883972154,,,127726,5566862,,,,,,,0.17511320114135742,0.07642436027526855,0.001676797866821289,,,,,-88.61497156652229,-88.6126276093561,-0.00010017399983168997,,,0.30716800689697266,0.05775928497314453,50,0.9993533846853104,(0.8122048806037176+0.5431378752431082j),(-0.0033707805343229616-0.00034483589307793483j),0.12988567352294922,0.13094329833984375,0.5746965408325195
142,142,(1.0000000000000007+0j),10000,10000,1,10000,0.07200288772583008,(0.754626605301531+0.6107947342552732j),(-1.1950507084363762e-07-7.942861127498072e-08j),0.9999076946998043,0.06281828880310059,0.8890363321844307,0.8892004804427667,,,127736,5566784,,,,,,,0.17777061462402344,0.08105683326721191,0.0015230178833007812,,,,,-88.61611056748113,-88.61870193132545,-0.00016637673371180212,,,0.3240785598754883,0.06477713584899902,50,0.9992476048874566,(0.754626605301531+0.6107947342552732j),(-0.0029514109437889947+0.002361762355437667j),0.13637161254882812,0.13745903968811035,0.6096899509429932
143,143,(1.0000000000000002+0j),10000,10000,1,10000,0.06287837028503418,(0.7310332686057344+0.6286508629257587j),(-1.4515146403197432e-07+1.1086826982094834e-07j),0.9999001456448383,0.05098557472229004,0.8653965719500387,0.865569425073116,,,124822,5543494,,,,,,,0.1674513816833496,0.07874393463134766,0.0014405250549316406,,,,,-88.61625112606282,-88.62475693881997,0.004064263410367353,,,0.2994985580444336,0.06856894493103027,50,0.9991946755910399,(0.7310332686057344+0.6286508629257587j),(0.003353032952577697+0.002106677913024297j),0.1443476676940918,0.14559245109558105,0.5874979496002197
144,144,(0.9999999999999996+0j),10000,10000,1,10000,0.06892752647399902,(0.856188160369765+0.4304645998448386j),(6.619212135356633e-08-9.372195628356361e-08j),0.999897028812874,0.05592060089111328,0.8453058028590343,0.8454799140352343,,,121112,5522036,,,,,,,0.1763014793395996,0.08311581611633301,0.0014851093292236328,,,,,-88.6146837351857,-88.6287793409116,-0.007839232949558775,,,0.31766319274902344,0.060655832290649414,50,0.9991852439581193,(0.856188160369765+0.4304645998448386j),(0.004030616659091234-0.000809826693317064j),0.14615726470947266,0.14728236198425293,0.5963563919067383
145,145,(1.0000000000000002+0j),10000,10000,1,10000,0.07229495048522949,(0.8358883921925035+0.4601866305158555j),(-9.628278976841801e-08+3.3136706928959264e-08j),0.99989777420941,0.05706000328063965,0.8315696605990672,0.8317397024045807,,,115544,5481210,,,,,,,0.15366721153259277,0.07742691040039062,0.0014636516571044922,,,,,-88.61420158436832,-88.63200023337828,-0.00430807880638432,,,0.2904937267303467,0.06099557876586914,50,0.9991936847326357,(0.8358883921925035+0.4601866305158555j),(0.003821131852996794-0.0007239858903310719j),0.1327059268951416,0.13377737998962402,0.5593101978302002
146,146,(1.0000000000000002+0j),10000,10000,1,10000,0.0629432201385498,(0.7685895212252875+0.5623925908171364j),(-1.6283651421057018e-08-1.9632890419552512e-07j),0.9999015003006764,0.05147552490234375,0.8256811158530963,0.8258437985722975,,,115238,5481854,,,,,,,0.15643095970153809,0.07832980155944824,0.0011773109436035156,,,,,-88.61343699064112,-88.63311610976527,0.0041122848893373,,,0.28820013999938965,0.05816006660461426,50,0.9992149812997293,(0.7685895212252875+0.5623925908171364j),(-0.0026815655660647046-0.002461180765221831j),0.1382129192352295,0.13927841186523438,0.5502018928527832
147,147,(0.9999999999999998+0j),10000,10000,1,10000,0.06340479850769043,(0.7641721033490391+0.5692871693645618j),(-7.689146553893683e-08+7.136623615189478e-08j),0.9999063202706442,0.05770730972290039,0.8275874766131095,0.8277425547459405,,,114405,5472996,,,,,,,0.19671130180358887,0.08216142654418945,0.0016338825225830078,,,,,-88.61472065647864,-88.63305044178101,0.002612862568292281,,,0.33915066719055176,0.06681609153747559,50,0.9992494830945499,(0.7641721033490391+0.5692871693645618j),(-0.003544556156433289-0.000802317834190091j),0.1468806266784668,0.1481490135192871,0.6195406913757324
148,148,(1+0j),10000,10000,1,10000,0.07045745849609375,(0.8072543952450169+0.5111643010879836j),(-1.3884209230270219e-08-1.2485229180939626e-07j),0.9999123227312051,0.05801892280578613,0.8362022790580208,0.8363489302086732,,,113115,5461528,,,,,,,0.16674113273620605,0.07856297492980957,0.0011951923370361328,,,,,-88.61619411187263,-88.63122628715509,-0.005045676974703365,,,0.30530762672424316,0.06140017509460449,50,0.9992917897335738,(0.8072543952450169+0.5111643010879836j),(-0.003046012296978209-0.0018854958844289659j),0.1424565315246582,0.14360952377319336,0.5824127197265625
149,149,(1.0000000000000004+0j),10000,10000,1,10000,0.0681908130645752,(0.7799509876934195+0.5588369652811903j),(1.1292991337671522e-07+1.4529861820699352e-07j),0.9999189162597433,0.058556318283081055,0.8497514286509277,0.8498892474612453,,,113182,5467484,,,,,,,0.1629343032836914,0.07704830169677734,0.001232147216796875,,,,,-88.61805849598903,-88.6287363398426,-0.0030613755601107216,,,0.3006327152252197,0.06517505645751953,50,0.9993367591101158,(0.7799509876934195+0.5588369652811903j),(-0.00301003466825459-0.0019060170615134001j),0.1515028476715088,0.1526803970336914,0.5973780155181885
150,150,(1.0000000000000004+0j),10000,10000,1,10000,0.07176995277404785,(0.6998412654105727+0.6633704323529837j),(-9.274309575106478e-08-1.616759059628242e-07j),0.9999254605420845,0.05806779861450195,0.8662300561840864,0.8663592072618203,,,112207,5462904,,,,,,,0.16460418701171875,0.07866072654724121,0.0014393329620361328,,,,,-88.61936500166844,-88.62561723649581,0.005335207919886771,,,0.3036644458770752,0.0603632926940918,50,0.999382806450632,(0.6998412654105727+0.6633704323529837j),(-4.606726416247885e-05-0.003436642825479647j),0.1351640224456787,0.1363379955291748,0.5828723907470703
151,151,(0.9999999999999999+0j),10000,10000,1,10000,0.060306549072265625,(0.8327793328196245+0.4958623393105675j),(-1.6942498786103652e-07-1.0815229812557319e-07j),0.9999324564529645,0.05222320556640625,0.8835963469690475,0.8837157215262267,,,113425,5471328,,,,,,,0.16506266593933105,0.07376337051391602,0.0013136863708496094,,,,,-88.62113815992336,-88.62240211147169,-0.004178817334028734,,,0.29320621490478516,0.05869317054748535,50,0.9994320033729092,(0.8327793328196245+0.4958623393105675j),(-0.003451532170398344-0.0004967524824072629j),0.13287043571472168,0.1338808536529541,0.564856767654419
152,152,(0.9999999999999998+0j),10000,10000,1,10000,0.06259632110595703,(0.7595826530935801+0.6090229137814823j),(-1.4684304460056935e-07+1.401381345246901e-07j),0.9999378277293218,0.0521852970123291,0.899212196502721,0.8993240190591623,,,114560,5473628,,,,,,,0.173081636428833,0.07975935935974121,0.0013713836669921875,,,,,-88.62076898765775,-88.61918851333415,0.008028772771657386,,,0.30722570419311523,0.06206655502319336,50,0.999473167993664,(0.7595826530935801+0.6090229137814823j),(0.00021421066456741629+0.003418655207776531j),0.13500094413757324,0.13616514205932617,0.5696673393249512
153,153,(1.0000000000000002+0j),10000,10000,1,10000,0.06387209892272949,(0.960173474289593+0.17883325567221564j),(-9.298601413413117e-09+1.51012188072507e-07j),0.9999411728816269,0.05910325050354004,0.9104731437551374,0.9105802742311172,,,112580,5463056,,,,,,,0.1756117343902588,0.07631540298461914,0.0017189979553222656,,,,,-88.61988153011774,-88.61602687528031,-0.012296860898302243,,,0.3136885166168213,0.06723499298095703,50,0.9994966227977465,(0.960173474289593+0.17883325567221564j),(0.0006821041078464466-0.003323182032765484j),0.1324775218963623,0.13372373580932617,0.5803139209747314
154,154,(1.0000000000000002+0j),10000,10000,1,10000,0.06642365455627441,(0.9155789814650037+0.34549339571118515j),(-4.257383369030575e-08-3.0028128169973265e-08j),0.9999425229757787,0.04982471466064453,0.9174895981531497,0.917595076390637,,,118437,5509758,,,,,,,0.15936493873596191,0.07456040382385254,0.0017805099487304688,,,,,-88.62406606713907,-88.61691863053109,-0.005513024733433466,,,0.2863774299621582,0.06136274337768555,50,0.9995012238538463,(0.9155789814650037+0.34549339571118515j),(0.002468163309718913-0.0023064470341575237j),0.1298058032989502,0.13094544410705566,0.5564122200012207
155,155,(1.0000000000000002+0j),10000,10000,1,10000,0.06382560729980469,(0.7315836627717116+0.6510972028617217j),(6.864676056788238e-08-1.6238529957877217e-07j),0.9999410903785039,0.054198503494262695,0.9202900699704283,0.9203985074317262,,,118669,5512172,,,,,,,0.16948723793029785,0.0723719596862793,0.0017910003662109375,,,,,-88.62390027946601,-88.61652344257217,0.007758754048221617,,,0.2987673282623291,0.05320382118225098,50,0.9994831531505415,(0.7315836627717116+0.6510972028617217j),(-0.0007905463160090597+0.0032707831569462635j),0.12940144538879395,0.13055205345153809,0.548001766204834
156,156,(1.0000000000000004+0j),10000,10000,1,10000,0.06540513038635254,(0.7104254769277173+0.6740043391439011j),(-3.733303744242734e-09+1.4059036195289447e-07j),0.9999374095194573,0.051851749420166016,0.919969017371859,0.9200841907906491,,,118883,5523818,,,,,,,0.16245388984680176,0.07476973533630371,0.001646280288696289,,,,,-88.62526113027992,-88.61733860774008,0.008146619422938898,,,0.2915987968444824,0.06813478469848633,50,0.999443588871792,(0.7104254769277173+0.6740043391439011j),(-0.0013416742661783937+0.0032063498609102327j),0.12868809700012207,0.129835844039917,0.5657687187194824
157,157,(1.0000000000000007+0j),10000,10000,1,10000,0.06763839721679688,(0.8690516226625037+0.44956935264810444j),(-6.883062006038743e-08-5.1898272964293965e-08j),0.9999323366022896,0.060494184494018555,0.9168638668029309,0.9169879556461296,,,124110,5567406,,,,,,,0.16900300979614258,0.0857686996459961,0.0017404556274414062,,,,,-88.6288923807495,-88.61980719731129,-0.002291107720097066,,,0.3179488182067871,0.06419777870178223,50,0.9993805481513729,(0.8690516226625037+0.44956935264810444j),(-0.0002712690910527115-0.00356889222796606j),0.13680386543273926,0.1381392478942871,0.5991959571838379
158,158,(1.0000000000000004+0j),10000,10000,1,10000,0.07325553894042969,(0.9330652334907119+0.2890291241788365j),(1.43153905425218e-07-1.1169742312036866e-07j),0.9999234937676934,0.05655956268310547,0.9107496622538086,0.9108890342983169,,,123910,5563276,,,,,,,0.1879868507385254,0.07958173751831055,0.001443624496459961,,,,,-88.62920109403156,-88.62136500700075,-0.008564048933980979,,,0.3264622688293457,0.05910491943359375,50,0.9992847779215124,(0.9330652334907119+0.2890291241788365j),(0.00275051950462448-0.0025883030369360438j),0.13580751419067383,0.13690876960754395,0.6067397594451904
159,159,(0.9999999999999999+0j),10000,10000,1,10000,0.06251287460327148,(0.8681705691213945+0.44229249412115457j),(-9.731277569062155e-09-1.3494430829033227e-07j),0.9999121104097395,0.05354714393615723,0.9016583653959207,0.9018168790617455,,,129237,5607334,,,,,,,0.18393826484680176,0.08572936058044434,0.0013537406921386719,,,,,-88.63364330400562,-88.62602290404736,-0.0011828770688669912,,,0.3254108428955078,0.05766129493713379,50,0.999151886005077,(0.8681705691213945+0.44229249412115457j),(0.0031385623499935768+0.0024639645751852336j),0.13432931900024414,0.1354057788848877,0.5921421051025391
160,160,(0.9999999999999997+0j),10000,10000,1,10000,0.061737060546875,(0.7642903443845531+0.5986410367750461j),(-2.4384871002657233e-08+5.235174832762167e-08j),0.9998970838862944,0.052475929260253906,0.8888300034790546,0.8890129815850693,,,133135,5646052,,,,,,,0.16735529899597168,0.08429408073425293,0.0016703605651855469,,,,,-88.63439647474011,-88.62984671114637,0.008842538637832886,,,0.3066563606262207,0.06041836738586426,50,0.9989702482684654,(0.7642903443845531+0.5986410367750461j),(-0.0007636008395532951+0.004441164872192032j),0.1406230926513672,0.14167547225952148,0.5898222923278809
161,161,(0.9999999999999994+0j),10000,10000,1,10000,0.06377124786376953,(0.9022661675367385+0.3457794678748643j),(-7.144861527893057e-08-2.5126419029827497e-07j),0.9998787095643101,0.05909562110900879,0.8723519860308687,0.8725636404424949,,,138128,5688288,,,,,,,0.16814422607421875,0.0811471939086914,0.0015747547149658203,,,,,-88.63805764419081,-88.636074492821,-0.0026568509816100832,,,0.31079792976379395,0.06175351142883301,50,0.9987347460132958,(0.9022661675367385+0.3457794678748643j),(-0.0007005246992691764-0.005079349910389824j),0.13677549362182617,0.13785433769226074,0.5855209827423096
162,162,(0.9999999999999996+0j),10000,10000,1,10000,0.062230587005615234,(0.8685806245527602+0.4101882684398087j),(4.137028894691887e-08-5.818417643646514e-08j),0.9998569779211024,0.05254864692687988,0.8522462848990489,0.8524901172787206,,,140111,5706440,,,,,,,0.16280651092529297,0.08224058151245117,0.001489877700805664,,,,,-88.63916671924797,-88.6420062754701,-0.0009598652325199387,,,0.29996466636657715,0.05662226676940918,50,0.99845952167491,(0.8685806245527602+0.4101882684398087j),(4.037291700806127e-05-0.005483723967177756j),0.1379249095916748,0.13902616500854492,0.5687623023986816
163,163,(1+0j),10000,10000,1,10000,0.06608343124389648,(0.8357984215941526+0.4620955329834746j),(6.563297506970543e-08+7.165253169456772e-08j),0.9998405365709914,0.05491495132446289,0.83311931505448,0.833385082748636,,,139550,5705858,,,,,,,0.16236233711242676,0.08262276649475098,0.0014157295227050781,,,,,-88.64023691629356,-88.64826219404172,-0.0009944959588226966,,,0.30216050148010254,0.06113553047180176,50,0.9982010603336768,(0.8357984215941526+0.4620955329834746j),(-0.004724470749546677+0.0036088796531989122j),0.13809418678283691,0.13924145698547363,0.5795433521270752
164,164,(1.0000000000000004+0j),10000,10000,1,10000,0.06250929832458496,(0.7753377431539185+0.5503171311850122j),(-2.784646596390224e-07+1.1568337351634134e-07j),0.9998320820284501,0.05272197723388672,0.8187349855697487,0.8190100154775339,,,142106,5711578,,,,,,,0.17292261123657227,0.08236312866210938,0.0015637874603271484,,,,,-88.64010735579102,-88.65244011040215,0.0039093852311224905,,,0.31044578552246094,0.05620121955871582,50,0.9980133928024988,(0.7753377431539185+0.5503171311850122j),(-0.0051909656188639615+0.003540266965243624j),0.13494229316711426,0.13606810569763184,0.5668694972991943
165,165,(0.9999999999999999+0j),10000,10000,1,10000,0.061911582946777344,(0.776109878060449+0.5452094278464913j),(-1.867039114221084e-08-7.008669880574974e-08j),0.9998273708883083,0.052228689193725586,0.8110154620759028,0.8112955443569215,,,135262,5659080,,,,,,,0.16024279594421387,0.07925605773925781,0.0014190673828125,,,,,-88.64134668891849,-88.65528780425561,0.005477174637449796,,,0.29398345947265625,0.0609438419342041,50,0.9979096008648018,(0.776109878060449+0.5452094278464913j),(0.0009891852872793846+0.006325810545132026j),0.13495564460754395,0.13604235649108887,0.5636203289031982
166,166,(1.0000000000000004+0j),10000,10000,1,10000,0.06288647651672363,(0.8551865126960926+0.40983490812920265j),(2.6263846739006786e-08-1.6215367438035278e-08j),0.9998316927692804,0.052399635314941406,0.8105252171567472,0.8107981205616949,,,135438,5656068,,,,,,,0.15754342079162598,0.08279657363891602,0.0014777183532714844,,,,,-88.64202929432963,-88.65583186525637,-0.00148809191811447,,,0.2950296401977539,0.05797910690307617,50,0.9979131878127367,(0.8551865126960926+0.40983490812920265j),(-0.0050224369643501405+0.0036292227154051835j),0.14403200149536133,0.14511489868164062,0.5739686489105225
167,167,(1.0000000000000004+0j),10000,10000,1,10000,0.06311345100402832,(0.9072357521895494+0.28205672234892215j),(-2.3156505195427803e-07-1.5475042290662751e-07j),0.9998392788756795,0.05864739418029785,0.8163783817289815,0.8166408635096016,,,130486,5612326,,,,,,,0.1603233814239502,0.08181428909301758,0.001535177230834961,,,,,-88.64310361954433,-88.65490426644642,-0.008139090837443163,,,0.3031308650970459,0.0643923282623291,50,0.9979970235854477,(0.9072357521895494+0.28205672234892215j),(-0.004942308696663391+0.0034085400534692805j),0.13944745063781738,0.1405332088470459,0.5827069282531738
168,168,(1.0000000000000002+0j),10000,10000,1,10000,0.06197071075439453,(0.8854452699469163+0.35306401900400014j),(-2.058320492809121e-09-2.137791686547837e-07j),0.9998501445504404,0.05335211753845215,0.8270685809093906,0.8273165181081267,,,129260,5595290,,,,,,,0.1610395908355713,0.0820624828338623,0.001310110092163086,,,,,-88.64584693738581,-88.65357980852798,-0.0018804097641153406,,,0.2985844612121582,0.061078786849975586,50,0.9981405194329975,(0.8854452699469163+0.35306401900400014j),(-0.005497777862203351-0.0023808971640320534j),0.14117693901062012,0.14224624633789062,0.5745103359222412
169,169,(0.9999999999999999+0j),10000,10000,1,10000,0.06603741645812988,(0.8215318267553362+0.49144685099580565j),(1.799290644561434e-07+4.155830780548576e-08j),0.9998625460795812,0.06029796600341797,0.8409710413358132,0.8412022785445927,,,127887,5586620,,,,,,,0.16437101364135742,0.0801546573638916,0.0017104148864746094,,,,,-88.64594576449308,-88.65000277572325,0.00900127246642806,,,0.3073539733886719,0.0552973747253418,50,0.9983188619754597,(0.8215318267553362+0.49144685099580565j),(-0.005651054657493044-0.0014126596016767472j),0.13907456398010254,0.14020848274230957,0.5878963470458984
170,170,(1+0j),10000,10000,1,10000,0.06054520606994629,(0.9503345102697255+0.14622985457546436j),(-1.8753718929153026e-07+5.693643846163727e-08j),0.9998747015172892,0.052968502044677734,0.8556133034469393,0.8558277578497325,,,122269,5540606,,,,,,,0.18099045753479004,0.07836794853210449,0.0013294219970703125,,,,,-88.64637799933897,-88.64644697501448,-0.011075220779162034,,,0.3145027160644531,0.06009173393249512,50,0.998503265234227,(0.9503345102697255+0.14622985457546436j),(-0.0051096775953477615-0.0022998988598260666j),0.13374066352844238,0.13482666015625,0.5810623168945312
171,171,(1.0000000000000004+0j),10000,10000,1,10000,0.06262350082397461,(0.8033269539214262+0.5343273469218242j),(-7.503778722910119e-08-8.25156614874082e-08j),0.999885957191864,0.05057573318481445,0.8671801089159258,0.8673779340656468,,,123716,5543746,,,,,,,0.15703177452087402,0.07672762870788574,0.0013489723205566406,,,,,-88.64607567115328,-88.64349448341342,0.011592935590494107,,,0.286510705947876,0.05834460258483887,50,0.9986426931943138,(0.8033269539214262+0.5343273469218242j),(-0.00372594104981642+0.0041916179035772876j),0.13588356971740723,0.1369636058807373,0.5461301803588867
172,172,(0.9999999999999999+0j),10000,10000,1,10000,0.059033870697021484,(0.8937200132744217+0.36889899756375244j),(-1.2580999470924082e-07-9.953453051373814e-08j),0.9998914133477325,0.0560605525970459,0.8745155951708363,0.8747055475513864,,,123664,5543938,,,,,,,0.16431498527526855,0.08095026016235352,0.0016241073608398438,,,,,-88.64904820616586,-88.64362026921594,-0.001051092473282349,,,0.30383944511413574,0.06105399131774902,50,0.9987213773383126,(0.8937200132744217+0.36889899756375244j),(-0.0051502210739628376-0.0018033516257873233j),0.13721013069152832,0.1383056640625,0.5733814239501953
173,173,(1.0000000000000002+0j),10000,10000,1,10000,0.0658574104309082,(0.9267175018924203+0.27814812813027073j),(2.306553743723339e-07-8.378358247404749e-09j),0.9998932769723653,0.05741524696350098,0.877007274238648,0.8771944979528657,,,121962,5529308,,,,,,,0.17471051216125488,0.07882404327392578,0.0012619495391845703,,,,,-88.64779874491092,-88.64275782498827,-0.009595105442674006,,,0.31298089027404785,0.0635676383972168,50,0.9987315568346561,(0.9267175018924203+0.27814812813027073j),(-0.005123095310831517-0.002091457071617581j),0.13631582260131836,0.13738250732421875,0.581369161605835
174,174,(0.9999999999999993+0j),10000,10000,1,10000,0.06621479988098145,(0.7985887617082886+0.5457363120817351j),(-2.9469557745707673e-08+1.78969516690103e-07j),0.9998911869922836,0.05214071273803711,0.8758906226715237,0.8760812703745516,,,121875,5523736,,,,,,,0.15308427810668945,0.07845354080200195,0.001222372055053711,,,,,-88.65034388659507,-88.64486342989588,0.0017284349007467947,,,0.2856919765472412,0.05948686599731445,50,0.9986867860517653,(0.7985887617082886+0.5457363120817351j),(-0.005132140188295728-0.0023692294155840104j),0.13711929321289062,0.13817858695983887,0.5609104633331299
175,175,(0.9999999999999993+0j),10000,10000,1,10000,0.062105655670166016,(0.666411484415271+0.6991693618692348j),(-9.511348685228932e-09-1.9686499282744733e-07j),0.9998865656120066,0.0516810417175293,0.8710240775300527,0.871221719324805,,,123060,5533930,,,,,,,0.15786457061767578,0.07956767082214355,0.001384735107421875,,,,,-88.64964115304586,-88.64632861846027,0.008425320757864384,,,0.29132843017578125,0.05600595474243164,50,0.9985813640742244,(0.666411484415271+0.6991693618692348j),(0.005626984796339466-0.0013418501890963706j),0.13431978225708008,0.13541626930236816,0.5465288162231445
176,176,(1.0000000000000004+0j),10000,10000,1,10000,0.06270217895507812,(0.8088322190386498+0.5240016566377903j),(1.7160301679782413e-07+8.00001682768952e-08j),0.9998806214749576,0.05478668212890625,0.8633747769787369,0.8635809507119453,,,123023,5536586,,,,,,,0.1924149990081787,0.08345603942871094,0.0014903545379638672,,,,,-88.65135772698297,-88.65003838817209,-0.007405743854400704,,,0.3330814838409424,0.06125140190124512,50,0.9984312792567922,(0.8088322190386498+0.5240016566377903j),(0.006019391785050599+0.00017992101883040378j),0.13365530967712402,0.13471651077270508,0.6026341915130615
177,177,(0.9999999999999999+0j),10000,10000,1,10000,0.06241917610168457,(0.7113247326325992+0.6463811928358539j),(-2.520521798142318e-07-1.3964791139263414e-08j),0.999872924387682,0.05813026428222656,0.8542450619239432,0.8544622107431727,,,122963,5535502,,,,,,,0.1753253936767578,0.08007621765136719,0.0013554096221923828,,,,,-88.65234068058537,-88.65382521009967,0.0008465632671431756,,,0.3157012462615967,0.05732536315917969,50,0.9982681765617166,(0.7113247326325992+0.6463811928358539j),(0.003827176125917152+0.005221633244686841j),0.1340336799621582,0.13509678840637207,0.5814733505249023
178,178,(1+0j),10000,10000,1,10000,0.061701297760009766,(0.6538466130194793+0.7014838088592491j),(4.9257874987382213e-08+9.280861519876793e-08j),0.9998687958553725,0.05231761932373047,0.8466562471106238,0.8468784604600276,,,123768,5542616,,,,,,,0.15960049629211426,0.07621026039123535,0.0013039112091064453,,,,,-88.65212999142183,-88.65593319843966,0.007671096851263171,,,0.29033350944519043,0.05945253372192383,50,0.9981564481870505,(0.6538466130194793+0.7014838088592491j),(0.004240459782874032-0.005143510939839552j),0.13312005996704102,0.13416028022766113,0.5472514629364014
179,179,(0.9999999999999997+0j),10000,10000,1,10000,0.06204056739807129,(0.8439334796779815+0.45283105999712625j),(2.0814539625306192e-07+2.3068436533910594e-08j),0.9998702082361515,0.05236625671386719,0.8425299577944141,0.8427487072799499,,,123575,5539726,,,,,,,0.15187335014343262,0.07340645790100098,0.0014257431030273438,,,,,-88.65235467902767,-88.65710870781156,-0.00977989400106426,,,0.28004932403564453,0.06204962730407715,50,0.9981204272501805,(0.8439334796779815+0.45283105999712625j),(-0.005219064442607486-0.004092185655014954j),0.13371610641479492,0.13477277755737305,0.5493032932281494
180,180,(1.0000000000000002+0j),10000,10000,1,10000,0.06488776206970215,(0.7962976442685136+0.5320766895443644j),(2.2623819758701428e-07-5.940979701782288e-08j),0.9998761450525624,0.05761313438415527,0.8424437269698762,0.8426524473927074,,,125806,5557254,,,,,,,0.15812087059020996,0.07771658897399902,0.001316070556640625,,,,,-88.65385215550899,-88.65776824052716,-0.0010462230573135935,,,0.2955620288848877,0.058725595474243164,50,0.9981689051573684,(0.7962976442685136+0.5320766895443644j),(0.005894854161937933+0.003534911684432216j),0.13135385513305664,0.13240313529968262,0.5621113777160645
181,181,(1.0000000000000002+0j),10000,10000,1,10000,0.05971240997314453,(0.7139270059740274+0.6400443859052194j),(5.846571577953547e-08-1.1373011806805082e-07j),0.9998840102438019,0.05446577072143555,0.8463683109091774,0.8465646851826953,,,126188,5554594,,,,,,,0.15132761001586914,0.08037257194519043,0.0015969276428222656,,,,,-88.65311035344247,-88.65597672168471,0.010241280540932,,,0.28861546516418457,0.06090521812438965,50,0.9982707520822625,(0.7139270059740274+0.6400443859052194j),(0.004799819996281028-0.004985824651219634j),0.13701844215393066,0.1380300521850586,0.5488934516906738
182,182,(1.0000000000000002+0j),10000,10000,1,10000,0.06032896041870117,(0.8595665700836963+0.4288446478571463j),(-2.484402884152162e-07+4.415012859192059e-08j),0.9998928423680687,0.052980661392211914,0.8525570577884193,0.8527398031525331,,,125084,5542736,,,,,,,0.16075825691223145,0.07609772682189941,0.0013833045959472656,,,,,-88.65448498802198,-88.65475577604509,-0.005968317514676427,,,0.29201459884643555,0.05609297752380371,50,0.9983869441276715,(0.8595665700836963+0.4288446478571463j),(-0.0039031210859256423-0.004789601709996384j),0.13438844680786133,0.13553309440612793,0.5546772480010986
183,183,(0.9999999999999997+0j),10000,10000,1,10000,0.06125640869140625,(0.8241603988205678+0.49671429260729527j),(1.7563933126161673e-08+2.5825925900802585e-07j),0.9998987461044889,0.05398249626159668,0.8583637339367395,0.8585375856846967,,,123339,5536756,,,,,,,0.1649317741394043,0.07958793640136719,0.001516103744506836,,,,,-88.65533968098616,-88.65361550909411,-0.0013535283911057356,,,0.30094218254089355,0.06351947784423828,50,0.9984891146315698,(0.8241603988205678+0.49671429260729527j),(-0.004609054284951294-0.00484442516033578j),0.14548444747924805,0.14669203758239746,0.5832610130310059
184,184,(0.9999999999999998+0j),10000,10000,1,10000,0.06918668746948242,(0.7447913631468449+0.6102572153758122j),(-6.30906070899659e-09-1.8847934267800286e-07j),0.9999025902761116,0.05691051483154297,0.8604575747398021,0.8606252331062835,,,123166,5529790,,,,,,,0.16316437721252441,0.07534193992614746,0.0014045238494873047,,,,,-88.65512815212125,-88.65319206281669,0.006642584938578281,,,0.2976069450378418,0.056890249252319336,50,0.9985333546390484,(0.7447913631468449+0.6102572153758122j),(0.005457802581427757+0.0031608745383056177j),0.13741350173950195,0.1384871006011963,0.5637636184692383
185,185,(1.0000000000000002+0j),10000,10000,1,10000,0.062408447265625,(0.8973154114768519+0.34800016698297637j),(1.2808316646445198e-07+1.2767276786184084e-07j),0.9999031769990764,0.052969932556152344,0.8588868584544606,0.8590532026191613,,,125374,5546202,,,,,,,0.1709756851196289,0.0765082836151123,0.001416921615600586,,,,,-88.65392899774703,-88.65331298742335,-0.012878843431202436,,,0.3027646541595459,0.0702054500579834,50,0.9985309441509168,(0.8973154114768519+0.34800016698297637j),(0.005306899002662242+0.003421645716857464j),0.14572358131408691,0.146867036819458,0.5840990543365479
186,186,(1.0000000000000002+0j),10000,10000,1,10000,0.06802010536193848,(0.7841683867275645+0.5567698094654017j),(1.434440113775463e-07+5.45296916036785e-08j),0.9999040190170141,0.05892777442932129,0.85637983561194,0.8565442516396415,,,125917,5556520,,,,,,,0.1678476333618164,0.0795440673828125,0.0016415119171142578,,,,,-88.65623283588968,-88.6556796580024,0.0028447078955885323,,,0.308880090713501,0.05965471267700195,50,0.9985076599148033,(0.7841683867275645+0.5567698094654017j),(-0.006007605335667242-0.0019276417159453426j),0.13703179359436035,0.1392350196838379,0.5866539478302002
187,187,(0.9999999999999999+0j),10000,10000,1,10000,0.06720232963562012,(0.7845287636038035+0.5544552217870057j),(2.451172719670516e-07-3.510225417406132e-08j),0.9999042675248588,0.056815385818481445,0.8527156278786842,0.8528789164816399,,,126353,5553850,,,,,,,0.1617259979248047,0.07765817642211914,0.0014557838439941406,,,,,-88.65634865337371,-88.65720099753196,0.004154051325638001,,,0.29862451553344727,0.06212615966796875,50,0.9984603466425186,(0.7845287636038035+0.5544552217870057j),(-0.0052804138438083716-0.003740550296716808j),0.13747048377990723,0.13854455947875977,0.5774579048156738
188,188,(0.9999999999999999+0j),10000,10000,1,10000,0.061659812927246094,(0.8856399668114927+0.3703583097014406j),(1.3503735056116112e-07+7.420450951953113e-08j),0.9999069083832873,0.05540728569030762,0.8501998501970556,0.8503581652605882,,,125939,5554600,,,,,,,0.15246009826660156,0.07326865196228027,0.001398324966430664,,,,,-88.65584671060878,-88.65779875776913,-0.00981190413647532,,,0.2833428382873535,0.06238245964050293,50,0.9984309760392758,(0.8856399668114927+0.3703583097014406j),(0.0021967324729318728+0.006427187642889672j),0.1314239501953125,0.1325080394744873,0.5414693355560303
189,189,(1.0000000000000007+0j),10000,10000,1,10000,0.062053680419921875,(0.7779644880164306+0.5620674038684927j),(2.2549071426630937e-07+1.1688306169541087e-08j),0.9999111490044891,0.050521135330200195,0.8495275719518939,0.8496785548150261,,,127248,5569646,,,,,,,0.15440702438354492,0.07682061195373535,0.0014150142669677734,,,,,-88.65677739930949,-88.65854395654385,0.006085060577968032,,,0.2839639186859131,0.06037092208862305,50,0.9984284291984936,(0.7779644880164306+0.5620674038684927j),(0.0031753181149892723+0.005952951168038289j),0.1334848403930664,0.1345658302307129,0.5511972904205322
190,190,(1.0000000000000002+0j),10000,10000,1,10000,0.06290793418884277,(0.8759244920644841+0.39329362896235015j),(-1.7378595088606766e-08+1.1676661433293429e-07j),0.9999173614394553,0.05139756202697754,0.850953412547314,0.8510940731132608,,,128596,5573460,,,,,,,0.15033817291259766,0.08135628700256348,0.0014493465423583984,,,,,-88.65649955060292,-88.65793739020343,-0.006803533409228234,,,0.2853703498840332,0.06461906433105469,50,0.9984591558415912,(0.8759244920644841+0.39329362896235015j),(0.006153993453225735+0.0023117693967703336j),0.14429807662963867,0.14547157287597656,0.5601785182952881
191,191,(1+0j),10000,10000,1,10000,0.06882023811340332,(0.792095637443064+0.5438978436180385j),(6.14375833871764e-09-1.2301504275331194e-07j),0.9999225386954251,0.054166316986083984,0.8533575903868483,0.8534898101339617,,,129663,5583220,,,,,,,0.15701580047607422,0.07967495918273926,0.0013816356658935547,,,,,-88.65724061886432,-88.6574076747277,0.005684575154346917,,,0.29305028915405273,0.0601956844329834,50,0.9985051777712269,(0.792095637443064+0.5438978436180385j),(0.0057373961243778445+0.003181484010740605j),0.13546466827392578,0.13654541969299316,0.5690841674804688
192,192,(1.0000000000000004+0j),10000,10000,1,10000,0.05988430976867676,(0.8740933652623861+0.4002180874367186j),(7.766257807075014e-08+6.77647776052118e-08j),0.9999263556841285,0.05366921424865723,0.8551212587261411,0.8552472222808921,,,131636,5600370,,,,,,,0.14722681045532227,0.07680177688598633,0.0013654232025146484,,,,,-88.65756143332113,-88.65708831435308,-0.007171548026636824,,,0.27988481521606445,0.06151914596557617,50,0.9985429028328854,(0.8740933652623861+0.4002180874367186j),(-0.005251139307973162-0.0036932132517596625j),0.1276395320892334,0.12872028350830078,0.5408287048339844
193,193,(1.0000000000000004+0j),10000,10000,1,10000,0.0632162094116211,(0.7549318138990492+0.5952222015845648j),(8.777963324634451e-08+9.495761469980598e-08j),0.9999280297855898,0.052909135818481445,0.8550971236618623,0.8552202199972706,,,132991,5616178,,,,,,,0.159621000289917,0.08054542541503906,0.0013349056243896484,,,,,-88.65768538430784,-88.65724337209394,0.007942520316685483,,,0.2953450679779053,0.06425237655639648,50,0.9985445796651211,(0.7549318138990492+0.5952222015845648j),(-0.004546196667169946-0.004408975554347603j),0.1413578987121582,0.14246273040771484,0.5760252475738525
194,194,(0.9999999999999998+0j),10000,10000,1,10000,0.06482744216918945,(0.8625856240561096+0.42322015862729523j),(-3.474865597180219e-08+1.594488774012076e-07j),0.99992775592689,0.0594635009765625,0.8531772128291593,0.8533005001830483,,,133099,5612346,,,,,,,0.17928695678710938,0.0900263786315918,0.0015654563903808594,,,,,-88.65794462155,-88.65799123827159,-0.008505203216589081,,,0.3312244415283203,0.06295371055603027,50,0.9985134170838375,(0.8625856240561096+0.42322015862729523j),(-0.003842898386267688-0.00532222642915416j),0.13741326332092285,0.13859796524047852,0.6077179908752441
195,195,(0.9999999999999996+0j),10000,10000,1,10000,0.06126713752746582,(0.7216301048650429+0.633011357537558j),(-7.384572663337251e-08+1.543439613133106e-07j),0.9999272508061179,0.052605628967285156,0.8500418373391607,0.8501655305537346,,,132248,5607076,,,,,,,0.1529831886291504,0.07915472984313965,0.0013468265533447266,,,,,-88.65802426904115,-88.65902801370315,0.00913255067618616,,,0.28695249557495117,0.05763959884643555,50,0.9984568743803709,(0.7216301048650429+0.633011357537558j),(-0.004448543573839947-0.0051474303522517995j),0.13742852210998535,0.13849425315856934,0.5632350444793701
196,196,(0.9999999999999998+0j),10000,10000,1,10000,0.062445640563964844,(0.8349785779957453+0.47201844513950464j),(5.094491320281761e-08+4.2547062048176386e-08j),0.9999265551238362,0.05313682556152344,0.8473762398611262,0.8475007244610938,,,134637,5630722,,,,,,,0.16256499290466309,0.08041739463806152,0.0017938613891601562,,,,,-88.65887745272883,-88.66025164048176,-0.005416819549516896,,,0.29880690574645996,0.05756855010986328,50,0.9984011079868192,(0.8349785779957453+0.47201844513950464j),(0.005897525942804316+0.004171157709354379j),0.13286185264587402,0.13394999504089355,0.5638415813446045
197,197,(1.0000000000000002+0j),10000,10000,1,10000,0.06223464012145996,(0.7617601429380177+0.582156772770369j),(3.4104755488401703e-08-9.216651181766056e-09j),0.9999275234955443,0.05292177200317383,0.8459105579645715,0.8460331885768144,,,138215,5653232,,,,,,,0.14535856246948242,0.07839441299438477,0.0015332698822021484,,,,,-88.65907715442032,-88.66062495696058,0.005109975488670398,,,0.2791910171508789,0.05460858345031738,50,0.9983561132639649,(0.7617601429380177+0.582156772770369j),(0.00534302018262917+0.005000343523849448j),0.1342623233795166,0.1353464126586914,0.5424454212188721
198,198,(1+0j),10000,10000,1,10000,0.0599672794342041,(0.859297984825265+0.42511548187581044j),(-5.6819757603147446e-08+7.986039173714177e-08j),0.9999292796531534,0.05292820930480957,0.8457813164884682,0.8459009570759712,,,137137,5645814,,,,,,,0.16349124908447266,0.08270955085754395,0.0015149116516113281,,,,,-88.65912915209972,-88.66056238327168,-0.007357593216428415,,,0.3014962673187256,0.060460567474365234,50,0.9983251219314149,(0.859297984825265+0.42511548187581044j),(0.005996483717560066+0.004376500221847221j),0.13518476486206055,0.13627314567565918,0.5692391395568848
199,199,(1.0000000000000007+0j),10000,10000,1,10000,0.06151533126831055,(0.7636085127498915+0.5800262076313453j),(-2.194299806463526e-09+1.755157054602042e-08j),0.999932350577967,0.054816484451293945,0.846520107313381,0.8466346521285837,,,142275,5679694,,,,,,,0.18394708633422852,0.092681884765625,0.0017001628875732422,,,,,-88.65979268093196,-88.66052842592308,0.006167683240907212,,,0.334089994430542,0.05948805809020996,50,0.9983119123236519,(0.7636085127498915+0.5800262076313453j),(-0.0050948469048360725-0.005802570498379391j),0.13430523872375488,0.13539576530456543,0.6015357971191406
200,200,(1+0j),10000,10000,1,10000,0.061376333236694336,(0.8582729939749849+0.4278016643743838j),(2.8689148494808875e-08+2.8812535089351096e-08j),0.9999341781008817,0.054058074951171875,0.8467204732668824,0.8468319497723,,,140285,5670576,,,,,,,0.17734909057617188,0.09136748313903809,0.001575469970703125,,,,,-88.65937174227493,-88.66007794852425,-0.009865185865627277,,,0.3252525329589844,0.05476045608520508,50,0.998285380693446,(0.8582729939749849+0.4278016643743838j),(-0.006787946870516862-0.0041878532726606875j),0.13321304321289062,0.1342918872833252,0.5772204399108887
201,201,(1+0j),10000,10000,1,10000,0.06244158744812012,(0.7455506509079904+0.6030424548250998j),(1.770017226995856e-08-8.533697429090716e-09j),0.9999355221817144,0.05391740798950195,0.8464471092285305,0.8465562739122622,,,138756,5656226,,,,,,,0.15407490730285645,0.07818341255187988,0.0013701915740966797,,,,,-88.6607786319436,-88.66082641177276,0.0028883352864601227,,,0.28963470458984375,0.05799698829650879,50,0.9982458616931145,(0.7455506509079904+0.6030424548250998j),(-0.006585086202827368-0.0047200904722133835j),0.13439249992370605,0.13545513153076172,0.5562858581542969
202,202,(1.0000000000000002+0j),10000,10000,1,10000,0.061182498931884766,(0.7418171492018022+0.6064245591177067j),(-1.935809701898854e-07-5.2976592894765385e-08j),0.9999368554303157,0.05201005935668945,0.8437678816148512,0.8438744504282041,,,140936,5669688,,,,,,,0.18230557441711426,0.08957505226135254,0.0016891956329345703,,,,,-88.66124960000819,-88.66181679838584,0.0008999511010709244,,,0.3264646530151367,0.059844255447387695,50,0.998166875507642,(0.7418171492018022+0.6064245591177067j),(-0.004956161331389479-0.006528018169059732j),0.13419342041015625,0.13535809516906738,0.5942356586456299
203,203,(1+0j),10000,10000,1,10000,0.06180596351623535,(0.7828553110647588+0.55031640658386j),(-5.217361170288217e-08+9.08104252168117e-08j),0.9999373437892165,0.05305910110473633,0.839514095314135,0.8396193067464796,,,142063,5679236,,,,,,,0.18122267723083496,0.0823063850402832,0.001566171646118164,,,,,-88.66109726659619,-88.66289657630465,-0.005112325522373231,,,0.319028377532959,0.058802127838134766,50,0.9980688580511617,(0.7828553110647588+0.55031640658386j),(0.006002853392748334+0.0061185135502121865j),0.13417506217956543,0.13525915145874023,0.576591968536377
204,204,(1+0j),10000,10000,1,10000,0.060889244079589844,(0.7111462408822883+0.6389611193819228j),(4.432477057299565e-09+1.5068417866782135e-07j),0.9999382221876436,0.05615043640136719,0.8363962577884004,0.836499608827642,,,142445,5683868,,,,,,,0.174208402633667,0.08435368537902832,0.0016617774963378906,,,,,-88.6618351477154,-88.66417248814085,0.004984235819289017,,,0.31733274459838867,0.06281399726867676,50,0.9979832754241644,(0.7111462408822883+0.6389611193819228j),(0.006714511965093684+0.005871739258497734j),0.1397690773010254,0.14095354080200195,0.6012275218963623
205,205,(0.9999999999999999+0j),10000,10000,1,10000,0.0669410228729248,(0.7891506085571204+0.5392242357654727j),(1.3675865774145295e-08-1.7790522203180817e-07j),0.9999406108391777,0.056729793548583984,0.8355126086844881,0.835611858311301,,,142939,5687792,,,,,,,0.1737353801727295,0.08667683601379395,0.001519918441772461,,,,,-88.6621879650647,-88.6643618632767,-0.004632661592265427,,,0.31948256492614746,0.061408281326293945,50,0.9979435235388661,(0.7891506085571204+0.5392242357654727j),(-0.007456932808760119-0.005111335263072224j),0.13394856452941895,0.13503360748291016,0.5938882827758789
206,206,(1+0j),10000,10000,1,10000,0.060143232345581055,(0.7095924206256576+0.6406663798872188j),(1.3630289208158077e-08-1.0348496629508677e-07j),0.9999449760640082,0.051993370056152344,0.8363166276496593,0.8364086701115746,,,147447,5718126,,,,,,,0.16315102577209473,0.08448123931884766,0.0016169548034667969,,,,,-88.66255877645321,-88.663980313553,0.003755960730900304,,,0.3021883964538574,0.06350564956665039,50,0.9979296133063199,(0.7095924206256576+0.6406663798872188j),(-0.002348122740620512+0.00859907316522142j),0.13582301139831543,0.13694167137145996,0.573129415512085
207,207,(1+0j),10000,10000,1,10000,0.06374502182006836,(0.7620727887530069+0.5775777565005225j),(-1.157951267484074e-07+7.889509153118535e-08j),0.9999472572071818,0.0553739070892334,0.8369823707896429,0.8370706673506426,,,144532,5694078,,,,,,,0.15960407257080078,0.07893538475036621,0.0016541481018066406,,,,,-88.6634190631885,-88.66395181596161,-0.003111910365429238,,,0.2964439392089844,0.05716753005981445,50,0.9979168976420386,(0.7620727887530069+0.5775777565005225j),(0.006714117300263714+0.006162658156848439j),0.13230180740356445,0.1334078311920166,0.5622451305389404
208,208,(0.9999999999999999+0j),10000,10000,1,10000,0.06265878677368164,(0.6761954656925105+0.6754647480324524j),(8.09052964527986e-08+4.0983624272960593e-08j),0.9999500617726339,0.05231308937072754,0.8354216841019173,0.8355051293085385,,,146745,5710896,,,,,,,0.14754319190979004,0.08207941055297852,0.0014917850494384766,,,,,-88.66365488103489,-88.66434875295688,0.006231195561066727,,,0.2843003273010254,0.05848336219787598,50,0.9978525101535676,(0.6761954656925105+0.6754647480324524j),(0.006701151748372173+0.006649863725288235j),0.13191938400268555,0.13295388221740723,0.5488274097442627
209,209,(0.9999999999999999+0j),10000,10000,1,10000,0.06086254119873047,(0.7880994058152568+0.5393386365170485j),(-1.204286007556361e-07-7.704376838562099e-08j),0.999951685340725,0.051781415939331055,0.8326948399844095,0.8327753085510275,,,147789,5720472,,,,,,,0.15143251419067383,0.08237910270690918,0.0014643669128417969,,,,,-88.66366989040577,-88.6650616123583,-0.008892867955016159,,,0.28794431686401367,0.05988311767578125,50,0.9977853981256222,(0.7880994058152568+0.5393386365170485j),(0.008150012752864814+0.0051366855844838105j),0.13862204551696777,0.1397104263305664,0.5597198009490967
210,210,(1.0000000000000002+0j),10000,10000,1,10000,0.06144142150878906,(0.6960017009324616+0.6529454886834446j),(4.40265517025976e-08+2.1032742333544262e-07j),0.9999535950354259,0.055066585540771484,0.8304669780496184,0.8305440589963776,,,148489,5728196,,,,,,,0.1582050323486328,0.08319807052612305,0.0014815330505371094,,,,,-88.66488312720841,-88.66637571045594,0.00258738607776749,,,0.29877710342407227,0.05541825294494629,50,0.9977421928421686,(0.6960017009324616+0.6529454886834446j),(-0.005905909939210454-0.007850141914872539j),0.1329965591430664,0.13408350944519043,0.5606262683868408
211,211,(0.9999999999999991+0j),10000,10000,1,10000,0.06301259994506836,(0.7445250756662322+0.5967217408979223j),(1.4079794108908988e-08+8.42475511374567e-08j),0.9999566311417133,0.05286407470703125,0.8298050513670794,0.8298770314449426,,,150889,5742496,,,,,,,0.15449953079223633,0.08170056343078613,0.0017604827880859375,,,,,-88.6649569116611,-88.66663358994231,-0.003320268655577954,,,0.29167652130126953,0.05963492393493652,50,0.9977469491246099,(0.7445250756662322+0.5967217408979223j),(0.007787118133790032+0.006062277367794463j),0.13176774978637695,0.13283777236938477,0.5579190254211426
212,212,(1.0000000000000002+0j),10000,10000,1,10000,0.061789512634277344,(0.6583711887860576+0.6910038890643145j),(3.75820552639231e-08-8.0382550887805e-09j),0.9999599252767977,0.05516934394836426,0.8307763281797649,0.8308429184454079,,,153688,5764766,,,,,,,0.1612234115600586,0.0825495719909668,0.0016548633575439453,,,,,-88.66524848292958,-88.66659955945916,0.006012739143311324,,,0.30145955085754395,0.06557989120483398,50,0.997778924690107,(0.6583711887860576+0.6910038890643145j),(-0.0046880802222284594+0.008812476986344518j),0.13573360443115234,0.13682985305786133,0.576772928237915
213,213,(0.9999999999999993+0j),10000,10000,1,10000,0.060779571533203125,(0.7761011293253428+0.5564545035065777j),(3.5483031802752276e-08-3.651374336935827e-08j),0.999963325128427,0.05157828330993652,0.8326357413504342,0.8326968183281611,,,152386,5756070,,,,,,,0.15526771545410156,0.07218790054321289,0.0016834735870361328,,,,,-88.6651102467152,-88.66608071036255,-0.009495092663315143,,,0.2816286087036133,0.06410908699035645,50,0.9978324275595887,(0.7761011293253428+0.5564545035065777j),(-0.005135461160242377+0.008490552730208488j),0.1390998363494873,0.14046716690063477,0.5492160320281982
214,214,(0.9999999999999998+0j),10000,10000,1,10000,0.06780719757080078,(0.6754375211265001+0.6759537270146291j),(1.2685799867458542e-08+7.339694345262853e-08j),0.9999662053753876,0.057613372802734375,0.8347167804420337,0.8347732011825993,,,154764,5773550,,,,,,,0.17179393768310547,0.08090782165527344,0.0016689300537109375,,,,,-88.66613226610228,-88.66616746806861,0.0029692365962122325,,,0.3128523826599121,0.061830759048461914,50,0.9978809247831792,(0.6754375211265001+0.6759537270146291j),(-0.004870150346572106+0.008583538377452914j),0.13389897346496582,0.13502120971679688,0.5881998538970947
215,215,(0.9999999999999999+0j),10000,10000,1,10000,0.0632476806640625,(0.6939577428120975+0.6570578861764366j),(-5.083929367229448e-08+3.3325445441480086e-08j),0.999968575168478,0.05118703842163086,0.8350317736670984,0.8350842576066396,,,156051,5780918,,,,,,,0.15819668769836426,0.08614778518676758,0.0016951560974121094,,,,,-88.66666210419326,-88.66668443221914,0.0005551957618216575,,,0.2981078624725342,0.05973982810974121,50,0.9978866339368746,(0.6939577428120975+0.6570578861764366j),(-0.005137601789708927+0.008520556908718094j),0.1342601776123047,0.13538837432861328,0.5673532485961914
216,216,(1+0j),10000,10000,1,10000,0.06281638145446777,(0.7649783131704845+0.5718134724244518j),(-5.081005190709788e-08-7.434476270496742e-08j),0.9999696043386712,0.05166149139404297,0.8329823088803966,0.8330329492855651,,,158274,5800282,,,,,,,0.15095758438110352,0.0828542709350586,0.0016541481018066406,,,,,-88.66623584954861,-88.66751108567998,-0.007915264347138535,,,0.28969812393188477,0.06213188171386719,50,0.9978321118320314,(0.7649783131704845+0.5718134724244518j),(-0.005736780544020464+0.008407867847363833j),0.13631582260131836,0.13772130012512207,0.5540828704833984
217,217,(0.9999999999999999+0j),10000,10000,1,10000,0.06476187705993652,(0.6007978698863202+0.742321137523736j),(-6.62673205988466e-08+9.675475625351082e-08j),0.999971069765989,0.05248737335205078,0.8326956559839421,0.8327438382351926,,,159881,5809160,,,,,,,0.1556408405303955,0.08513450622558594,0.00164031982421875,,,,,-88.66553386632877,-88.66776527572375,0.012243612538078014,,,0.2957425117492676,0.05997061729431152,50,0.997788587219917,(0.6007978698863202+0.742321137523736j),(-0.00581395325296508+0.008561122261661098j),0.13636136054992676,0.13749051094055176,0.5597970485687256
218,218,(1.0000000000000004+0j),10000,10000,1,10000,0.06397771835327148,(0.6745944379870783+0.6767742971804301j),(7.94956056335768e-08+2.6576533337555732e-08j),0.9999723677931835,0.052555084228515625,0.8346893235868509,0.8347354541149082,,,162719,5834146,,,,,,,0.1660149097442627,0.08563041687011719,0.0018219947814941406,,,,,-88.66725038345574,-88.6684965980243,0.0037409761959790594,,,0.30698299407958984,0.06343531608581543,50,0.9977775906429953,(0.6745944379870783+0.6767742971804301j),(-0.010273387997527247+0.0001718193687189992j),0.1348586082458496,0.13599514961242676,0.5816268920898438
219,219,(1.0000000000000004+0j),10000,10000,1,10000,0.06147503852844238,(0.8567737863053764+0.4257652195426274j),(-5.4758575773804674e-08+1.4309597931406905e-07j),0.9999738295372618,0.051146507263183594,0.8387254825328081,0.8387693839241565,,,160767,5823004,,,,,,,0.15145182609558105,0.08424186706542969,0.0017321109771728516,,,,,-88.66183643205085,-88.66464377302552,-0.023006322851444924,,,0.28945446014404297,0.06006217002868652,50,0.99778684213296,(0.8567737863053764+0.4257652195426274j),(-0.01012672224694412+0.0008796638307173558j),0.13528108596801758,0.1364133358001709,0.5491552352905273
220,220,(1.0000000000000004+0j),10000,10000,1,10000,0.06515669822692871,(0.82844085942421+0.4816276443362213j),(8.069602423878745e-08-5.0214040387882554e-08j),0.9999753164393461,0.06013321876525879,0.8440545876012273,0.8440962576892866,,,161815,5826412,,,,,,,0.1594235897064209,0.0870826244354248,0.001779794692993164,,,,,-88.663989848084,-88.66450061384013,-0.01872985803979715,,,0.30928778648376465,0.062291622161865234,50,0.9978214842427882,(0.82844085942421+0.4816276443362213j),(0.00987225003227869+0.0018997114250231015j),0.13540911674499512,0.1365211009979248,0.5750753879547119
221,221,(0.9999999999999999+0j),10000,10000,1,10000,0.06144404411315918,(0.5801033363825027+0.7644167594761357j),(5.0897189890169225e-08-1.4404956394555042e-08j),0.9999768398625969,0.04972076416015625,0.8487310524632388,0.8487703672846252,,,160888,5817774,,,,,,,0.15810084342956543,0.08632135391235352,0.0019690990447998047,,,,,-88.66623505776036,-88.66449961227954,0.011761673923372375,,,0.2970602512359619,0.0664517879486084,50,0.9978623887128446,(0.5801033363825027+0.7644167594761357j),(0.004514883579821977+0.009119950563769116j),0.13579583168029785,0.13831067085266113,0.5650415420532227
222,222,(1.0000000000000002+0j),10000,10000,1,10000,0.06320452690124512,(0.5339695368145738+0.7978820956678339j),(2.2736829095562263e-08-9.64217567433376e-08j),0.9999774130747079,0.05448794364929199,0.8503443454157447,0.8503827600456475,,,162822,5830098,,,,,,,0.14549803733825684,0.08007168769836426,0.0017151832580566406,,,,,-88.66518138400606,-88.66368804509698,0.015823873508449115,,,0.2826251983642578,0.05914425849914551,50,0.9978531904207513,(0.5339695368145738+0.7978820956678339j),(0.004841763104486837+0.009061269557879956j),0.130690336227417,0.13184022903442383,0.5385265350341797
223,223,(1.0000000000000007+0j),10000,10000,1,10000,0.06304764747619629,(0.7182129108126909+0.6369517663810874j),(5.037537820402119e-09-8.059049789737508e-08j),0.9999776906379957,0.05201911926269531,0.8499752187676032,0.8500131448464591,,,165191,5855256,,,,,,,0.1536695957183838,0.08580398559570312,0.0018901824951171875,,,,,-88.66809819453275,-88.66561945758617,-0.004729572415885546,,,0.2942512035369873,0.06323456764221191,50,0.9978118502276698,(0.7182129108126909+0.6369517663810874j),(0.005536896630666258+0.008807020357431682j),0.14235949516296387,0.1435070037841797,0.57513427734375
224,224,(0.9999999999999992+0j),10000,10000,1,10000,0.06282687187194824,(0.7668415546135128+0.5750947481597177j),(-1.0682027941514369e-07+1.8142873417995402e-08j),0.9999774093941244,0.05653882026672363,0.8449548868161444,0.8449930641954759,,,164985,5849990,,,,,,,0.17598748207092285,0.09445405006408691,0.002087831497192383,,,,,-88.66692708960441,-88.66675695452886,-0.011914113906050895,,,0.32998204231262207,0.0634617805480957,50,0.9976951934378424,(0.7668415546135128+0.5750947481597177j),(0.005974384145183712+0.00879720185316802j),0.13908123970031738,0.14015674591064453,0.5989618301391602
225,225,(1.0000000000000002+0j),10000,10000,1,10000,0.06285762786865234,(0.6045795067200606+0.7418185636694804j),(2.231318453493276e-08+1.9568731288303097e-08j),0.9999769032642063,0.053162574768066406,0.8395713881885558,0.8396101722492944,,,166378,5859070,,,,,,,0.1562354564666748,0.0818777084350586,0.0019545555114746094,,,,,-88.66828584532111,-88.66939692646812,0.00735205140428115,,,0.29408788681030273,0.06389570236206055,50,0.9975759053982037,(0.6045795067200606+0.7418185636694804j),(0.005897987792001915+0.009119847180657524j),0.13742470741271973,0.13855481147766113,0.5706789493560791
226,226,(1.0000000000000002+0j),10000,10000,1,10000,0.060655832290649414,(0.6523172637402803+0.6988823407612101j),(4.8014047581500983e-08-2.6224074996789346e-08j),0.9999769385317228,0.053398847579956055,0.8362149938566984,0.836253563882023,,,169002,5878210,,,,,,,0.14304590225219727,0.08080363273620605,0.00203704833984375,,,,,-88.66904119404867,-88.67093965360783,0.0007155742743965947,,,0.2801368236541748,0.05749082565307617,50,0.9975023643705938,(0.6523172637402803+0.6988823407612101j),(0.006829330986537139+0.008508415399004748j),0.1388406753540039,0.13996362686157227,0.548828125
227,227,(0.9999999999999999+0j),10000,10000,1,10000,0.061191558837890625,(0.7172630913596416+0.6330478950511119j),(1.6450243703708616e-08-7.322658773455272e-08j),0.9999778592603157,0.05380129814147949,0.8384933700010065,0.8385305009610269,,,168391,5875508,,,,,,,0.14739465713500977,0.0832204818725586,0.0022284984588623047,,,,,-88.66843414529568,-88.6698003193567,-0.008928240201165642,,,0.2876622676849365,0.06498241424560547,50,0.9975441706898751,(0.7172630913596416+0.6330478950511119j),(0.0066229093950017975+0.008277050672659159j),0.15043115615844727,0.15169167518615723,0.5674037933349609
228,228,(0.9999999999999998+0j),10000,10000,1,10000,0.07354140281677246,(0.5721367644488793+0.7681602744460032j),(9.209693970722417e-08-4.4892277999841855e-09j),0.9999787329970926,0.06309342384338379,0.8424640704260277,0.842499904940833,,,167599,5865900,,,,,,,0.15211844444274902,0.08377361297607422,0.0017600059509277344,,,,,-88.6688878984367,-88.66866696866555,0.006881379211704286,,,0.30164647102355957,0.06258869171142578,50,0.9976214034517921,(0.5721367644488793+0.7681602744460032j),(-0.007089637027247803-0.007771175753566231j),0.138580322265625,0.1397244930267334,0.5792310237884521
229,229,(1.0000000000000002+0j),10000,10000,1,10000,0.06557393074035645,(0.6542246205192402+0.7005138812465671j),(-9.661708042864386e-09+7.786426217529212e-08j),0.9999794807442934,0.057103633880615234,0.8448532163203285,0.8448878889058686,,,168206,5873410,,,,,,,0.16633152961730957,0.08686590194702148,0.0017790794372558594,,,,,-88.66953933475737,-88.66825519456575,-0.003390471574025803,,,0.31304335594177246,0.06150650978088379,50,0.9976805809233058,(0.6542246205192402+0.7005138812465671j),(-0.006711687490869077-0.007817742447467649j),0.1401503086090088,0.14131855964660645,0.5929360389709473
230,230,(0.9999999999999994+0j),10000,10000,1,10000,0.06461858749389648,(0.60874256776847+0.739532219780493j),(7.601392774621486e-09-2.025991258983656e-08j),0.999979590897491,0.05235600471496582,0.8425685142670296,0.8426029074542841,,,172771,5901786,,,,,,,0.14319324493408203,0.0849924087524414,0.0019185543060302734,,,,,-88.66981176771424,-88.66922788222415,0.0023019747276147307,,,0.2833545207977295,0.06314516067504883,50,0.9976588948653051,(0.60874256776847+0.739532219780493j),(0.0070840065923452955+0.007670432241678921j),0.14077067375183105,0.14191770553588867,0.5640814304351807
231,231,(1+0j),10000,10000,1,10000,0.061156272888183594,(0.6753575082515032+0.676826368544405j),(9.612897042172615e-08+1.562158277018551e-08j),0.9999789488051716,0.0538020133972168,0.8366343673144758,0.8366695927329106,,,170003,5881904,,,,,,,0.15041255950927734,0.08434391021728516,0.0019061565399169922,,,,,-88.66977581299933,-88.67133570517136,-0.005364625916926085,,,0.2913632392883301,0.06364321708679199,50,0.9975574652662722,(0.6753575082515032+0.676826368544405j),(-0.006966868857797709-0.00770687748250191j),0.14746665954589844,0.14864659309387207,0.5667672157287598
232,232,(0.9999999999999997+0j),10000,10000,1,10000,0.06389236450195312,(0.5489230761570333+0.7821475838011944j),(-1.2443102100454018e-07-1.1719589480793308e-07j),0.9999787679533695,0.05214881896972656,0.8345906466181666,0.8346260878819515,,,167101,5866804,,,,,,,0.16131305694580078,0.08319330215454102,0.0020895004272460938,,,,,-88.66904968634415,-88.67180887710735,0.010412306772431454,,,0.29981398582458496,0.05858635902404785,50,0.9975243908248206,(0.5489230761570333+0.7821475838011944j),(-0.009707550183239618+0.003543895751234995j),0.1377265453338623,0.13888835906982422,0.5629487037658691
233,233,(1+0j),10000,10000,1,10000,0.06141829490661621,(0.6186344369561024+0.7289195869476903j),(6.290894355278873e-08-3.7884351589334634e-08j),0.9999791976402423,0.05251622200012207,0.836326938922949,0.8363617351564276,,,169605,5881490,,,,,,,0.13998651504516602,0.08315825462341309,0.0019192695617675781,,,,,-88.67031247884836,-88.67210267403372,0.002276386659333115,,,0.2784597873687744,0.060056209564208984,50,0.9975655834353343,(0.6186344369561024+0.7289195869476903j),(-0.006527377950638066-0.00830938713404021j),0.14216876029968262,0.14330720901489258,0.5550878047943115
234,234,(0.9999999999999996+0j),10000,10000,1,10000,0.06631088256835938,(0.7632649819003346+0.5787483142317768j),(-2.6177402574485752e-08+5.7890528772651735e-08j),0.9999803940702626,0.053905487060546875,0.8426509902070211,0.842684033090987,,,169280,5877378,,,,,,,0.15153002738952637,0.08296680450439453,0.001741170883178711,,,,,-88.66711280776848,-88.6683995371336,-0.017848798319010924,,,0.29105353355407715,0.061962127685546875,50,0.9976901767125413,(0.7632649819003346+0.5787483142317768j),(-0.009101074390128016+0.004815509276133164j),0.14112544059753418,0.14227652549743652,0.563305139541626
235,235,(0.9999999999999998+0j),10000,10000,1,10000,0.06763911247253418,(0.6920451088764916+0.6650034612613726j),(9.152324029864796e-08-3.8359918991723775e-10j),0.9999815262343987,0.06065988540649414,0.849259919789123,0.8492912987160359,,,171570,5893052,,,,,,,0.15383577346801758,0.08663749694824219,0.0017414093017578125,,,,,-88.66974445271435,-88.66778960688464,-0.008254834347243114,,,0.30376267433166504,0.05984997749328613,50,0.9978147651134593,(0.6920451088764916+0.6650034612613726j),(-0.008446644712470402+0.00488363978294141j),0.14009714126586914,0.14224529266357422,0.5752706527709961
236,236,(0.9999999999999991+0j),10000,10000,1,10000,0.05999016761779785,(0.43347395725225646+0.8570436934232745j),(1.8300739522452714e-08+9.562574227266542e-09j),0.9999820359770751,0.05479025840759277,0.8515712979303167,0.8516018940473943,,,173035,5904792,,,,,,,0.15855813026428223,0.08584785461425781,0.0020246505737304688,,,,,-88.66631033983329,-88.66540267133702,0.019964705105170934,,,0.3022348880767822,0.059127092361450195,50,0.9978638086667628,(0.43347395725225646+0.8570436934232745j),(-0.005505372213727253-0.0078071186569299645j),0.13847851753234863,0.13959527015686035,0.5626640319824219
237,237,(1+0j),10000,10000,1,10000,0.061005592346191406,(0.43280123106120105+0.8576779816928458j),(2.1579547975859932e-08+8.135094100731022e-08j),0.9999820902359824,0.05289196968078613,0.8524925664907745,0.8525231031925151,,,170333,5885828,,,,,,,0.14832401275634766,0.0854337215423584,0.0019485950469970703,,,,,-88.66612670643865,-88.6651687214111,0.02025406509339254,,,0.28951239585876465,0.05791950225830078,50,0.997890165789729,(0.43280123106120105+0.8576779816928458j),(-0.002136395065831713-0.00929404064927848j),0.14141130447387695,0.1425464153289795,0.5528106689453125
238,238,(1.0000000000000004+0j),10000,10000,1,10000,0.06341791152954102,(0.6681968187772195+0.6901432419363069j),(1.2271380505711218e-07-8.664432022564479e-09j),0.9999823508975523,0.054502248764038086,0.8522280141281298,0.8522580970435925,,,171054,5892816,,,,,,,0.1417064666748047,0.08191657066345215,0.0017211437225341797,,,,,-88.67059562959776,-88.66778986007434,-0.004109009780413526,,,0.28070569038391113,0.06046581268310547,50,0.9978954458882973,(0.6681968187772195+0.6901432419363069j),(0.0026789940387699266-0.009197624520057643j),0.13675713539123535,0.13789892196655273,0.5580954551696777
239,239,(1.0000000000000002+0j),10000,10000,1,10000,0.06495475769042969,(0.7817695232540576+0.5557040335754944j),(4.121567051231766e-08+4.515864698672664e-08j),0.9999817177259622,0.054676055908203125,0.8470956870261656,0.8471266615465626,,,173042,5912152,,,,,,,0.15014338493347168,0.08700799942016602,0.001966714859008789,,,,,-88.66757172868839,-88.66798772438648,-0.01788246726306708,,,0.29482245445251465,0.064117431640625,50,0.9978191871045722,(0.7817695232540576+0.5557040335754944j),(-0.007949741540914974+0.00542162339279739j),0.13929414749145508,0.14164018630981445,0.5682289600372314
240,240,(0.9999999999999999+0j),10000,10000,1,10000,0.06157207489013672,(0.6979433873394996+0.6559790505797295j),(-9.619254345830837e-08-3.078400904770853e-08j),0.9999812308819714,0.05326032638549805,0.8424836769205711,0.8425153031621018,,,172452,5902598,,,,,,,0.14621925354003906,0.08613467216491699,0.0018227100372314453,,,,,-88.67066436619616,-88.67129886622173,-0.004518891412766451,,,0.2883458137512207,0.059409379959106445,50,0.9977511133164327,(0.6979433873394996+0.6559790505797295j),(-0.007796185582172341+0.005485448861315163j),0.13802385330200195,0.13915562629699707,0.5596957206726074
241,241,(0.9999999999999996+0j),10000,10000,1,10000,0.06432080268859863,(0.4355906779436193+0.851974515248751j),(1.930281359112758e-08-2.0134071117547728e-08j),0.9999807843376523,0.055802106857299805,0.8391567444425226,0.8391889952774174,,,171748,5892884,,,,,,,0.14310288429260254,0.08948731422424316,0.0020864009857177734,,,,,-88.6641973698671,-88.6690756558613,0.025299286332046533,,,0.29137682914733887,0.06335759162902832,50,0.9977132822430316,(0.4355906779436193+0.851974515248751j),(-0.004692986648031194+0.008445534762322302j),0.14013242721557617,0.14126324653625488,0.5620017051696777
242,242,(0.9999999999999992+0j),10000,10000,1,10000,0.06094193458557129,(0.4069246751297324+0.866081578533522j),(7.601890948014433e-08+4.786704689198472e-08j),0.9999811009969743,0.05309104919433594,0.8393070629471889,0.8393387879799875,,,173810,5912508,,,,,,,0.16549921035766602,0.08464288711547852,0.0018384456634521484,,,,,-88.6614242337733,-88.667665249921,0.02847417475748129,,,0.3060483932495117,0.05905914306640625,50,0.9977298663530483,(0.4069246751297324+0.866081578533522j),(-0.005270948122433003+0.008045014558787544j),0.13824820518493652,0.13952350616455078,0.5673067569732666
243,243,(1.0000000000000002+0j),10000,10000,1,10000,0.06240987777709961,(0.5920897944862027+0.7530449592320035j),(8.630097746164161e-08-1.6220955001973093e-08j),0.9999817268761801,0.05570054054260254,0.8428554775153106,0.8428862815646431,,,173010,5904506,,,,,,,0.15475106239318848,0.08638525009155273,0.0018870830535888672,,,,,-88.66871925940255,-88.67054351603062,0.010136167740083139,,,0.29957032203674316,0.06388592720031738,50,0.9977981528972075,(0.5920897944862027+0.7530449592320035j),(-0.007398746112411969-0.005634496894291006j),0.13851523399353027,0.13963937759399414,0.5671918392181396
244,244,(1.0000000000000004+0j),10000,10000,1,10000,0.06292343139648438,(0.841922692305507+0.4598360696000942j),(2.6556132041832015e-08+2.3487184112598445e-08j),0.9999823571985803,0.05463695526123047,0.8476380949375669,0.8476680051502837,,,173860,5914510,,,,,,,0.15147972106933594,0.08514928817749023,0.0018541812896728516,,,,,-88.66551353799298,-88.66732768703453,-0.022796292265246473,,,0.29406046867370605,0.06884312629699707,50,0.9978914619571579,(0.841922692305507+0.4598360696000942j),(-0.006332368610520811-0.006667282348018129j),0.139390230178833,0.140519380569458,0.5681157112121582
245,245,(0.9999999999999998+0j),10000,10000,1,10000,0.061363935470581055,(0.8818079312823018+0.3815214567142884j),(-2.3046450133868324e-08+7.130271585806677e-08j),0.9999830761711793,0.051447153091430664,0.8528559261568386,0.852884794065076,,,172464,5903516,,,,,,,0.1456468105316162,0.08433699607849121,0.0019605159759521484,,,,,-88.66166582661648,-88.66359282924799,-0.027264447751838214,,,0.2843294143676758,0.0604853630065918,50,0.9979904116393225,(0.8818079312823018+0.3815214567142884j),(-0.006744389007498341-0.006129872243843064j),0.13958096504211426,0.14070391654968262,0.5487701892852783
246,246,(1.0000000000000002+0j),10000,10000,1,10000,0.06616926193237305,(0.7829795037025155+0.5596119861796599j),(-8.40664751146758e-08+5.4774841756778355e-08j),0.9999840093897715,0.05601072311401367,0.8584916405479347,0.8585190968169133,,,172760,5906976,,,,,,,0.17797112464904785,0.0904245376586914,0.0020227432250976562,,,,,-88.66789372662393,-88.6651225655748,-0.0070727658997155616,,,0.3274054527282715,0.06239461898803711,50,0.9980905355183707,(0.7829795037025155+0.5596119861796599j),(-0.0037427129912801366-0.00813711778227468j),0.13985109329223633,0.14101839065551758,0.5989115238189697
247,247,(1+0j),10000,10000,1,10000,0.06308770179748535,(0.562650716539618+0.7814456027104426j),(-9.133835495176147e-08+1.5237935812928598e-08j),0.9999840810979512,0.056670427322387695,0.8603434373172388,0.8603708294171291,,,170472,5884292,,,,,,,0.17863821983337402,0.08922028541564941,0.0018076896667480469,,,,,-88.66562427996132,-88.66343589595249,0.019555988843357085,,,0.3272867202758789,0.06007194519042969,50,0.9981256045306967,(0.562650716539618+0.7814456027104426j),(-0.004592865733510103-0.0075204715529786845j),0.13979697227478027,0.14092493057250977,0.5931186676025391
248,248,(1.0000000000000002+0j),10000,10000,1,10000,0.06444597244262695,(0.4723395160034004+0.8390557011401117j),(2.449971215663336e-08+1.9399819140037942e-08j),0.999984311615796,0.053483009338378906,0.8601366489927011,0.8601636379362533,,,173740,5906364,,,,,,,0.16414189338684082,0.08665084838867188,0.0020334720611572266,,,,,-88.66321508118935,-88.66234496596616,0.02591985382962917,,,0.3074009418487549,0.06127500534057617,50,0.9981234338195979,(0.4723395160034004+0.8390557011401117j),(-0.006103160159705104-0.006245908306702586j),0.138505220413208,0.1408984661102295,0.5757977962493896
249,249,(1.0000000000000002+0j),10000,10000,1,10000,0.06329751014709473,(0.6019294518031281+0.7511359744012398j),(-2.0718504384419527e-09+1.1129330748667971e-07j),0.9999843529764711,0.05182647705078125,0.8590511977311799,0.8590780815507629,,,174138,5912798,,,,,,,0.16029691696166992,0.09325051307678223,0.0019309520721435547,,,,,-88.66886498848207,-88.66571696513694,0.008244026402233411,,,0.3082756996154785,0.05343151092529297,50,0.9981043026125962,(0.6019294518031281+0.7511359744012398j),(-0.007192435929319242-0.004912909359364787j),0.13682889938354492,0.1379711627960205,0.5648150444030762
250,250,(1.0000000000000004+0j),10000,10000,1,10000,0.06400704383850098,(0.7869313973202833+0.5519870498782343j),(1.5411141000001727e-08-2.798411330436602e-08j),0.9999839485694104,0.05191755294799805,0.854340968806787,0.8543683962566812,,,176479,5934496,,,,,,,0.14511966705322266,0.07656431198120117,0.0017957687377929688,,,,,-88.66574757486804,-88.66553077820454,-0.01948512022165122,,,0.27628540992736816,0.05914807319641113,50,0.9980288523163889,(0.7869313973202833+0.5519870498782343j),(-0.008935232166225526+8.834102670160883e-05j),0.13764524459838867,0.13876819610595703,0.539942741394043
251,251,(1+0j),10000,10000,1,10000,0.06469011306762695,(0.8187979735598298+0.5007548052867993j),(8.042258168368573e-08-9.392542315636392e-08j),0.9999834635001771,0.05437874794006348,0.8493054966337656,0.849333586410913,,,176394,5928038,,,,,,,0.14137554168701172,0.08071088790893555,0.0018224716186523438,,,,,-88.66330186991185,-88.66586541766003,-0.027213108670936532,,,0.2791633605957031,0.06060647964477539,50,0.9979481567757565,(0.8187979735598298+0.5007548052867993j),(-0.006513113505257409-0.006278188417113723j),0.13355016708374023,0.13465213775634766,0.5408604145050049
252,252,(0.9999999999999999+0j),10000,10000,1,10000,0.06445693969726562,(0.6992519597039122+0.6560496042297641j),(2.6752344976162386e-08+1.5605382666506194e-08j),0.9999833004136891,0.053492069244384766,0.8459933181277595,0.8460215743124265,,,176975,5932924,,,,,,,0.13634300231933594,0.08263587951660156,0.0017859935760498047,,,,,-88.66969533284333,-88.67030095970352,-0.011587309237917585,,,0.27519774436950684,0.06170845031738281,50,0.9979000404940499,(0.6992519597039122+0.6560496042297641j),(-0.008867771318946572+0.0030255504524937453j),0.13364338874816895,0.13477611541748047,0.5378918647766113
253,253,(1+0j),10000,10000,1,10000,0.0644676685333252,(0.365290483641689+0.8858237081077056j),(6.291649963053572e-09-7.623891452694333e-08j),0.9999832105095187,0.05439114570617676,0.8437614631486561,0.843789796512316,,,176411,5936264,,,,,,,0.1526343822479248,0.08843755722045898,0.001987457275390625,,,,,-88.66450010237207,-88.66811233874057,0.02480407279201261,,,0.29829883575439453,0.06943869590759277,50,0.9978724064167596,(0.365290483641689+0.8858237081077056j),(-0.007250925143526776+0.00597868109547782j),0.13904929161071777,0.14017581939697266,0.5742330551147461
254,254,(0.9999999999999996+0j),10000,10000,1,10000,0.06449174880981445,(0.22129317477788002+0.9323447133780202j),(2.384022348099302e-08+4.081206968034738e-08j),0.9999833203022793,0.053993940353393555,0.8439833706291203,0.8440115261085624,,,177819,5945930,,,,,,,0.14927363395690918,0.084442138671875,0.001984834671020508,,,,,-88.6563725014401,-88.66358058150576,0.03730421722522543,,,0.29057812690734863,0.061812639236450195,50,0.9978843617416988,(0.22129317477788002+0.9323447133780202j),(-0.004917257340755768-0.0079516830322687j),0.139923095703125,0.14122414588928223,0.5598404407501221
255,255,(1.0000000000000002+0j),10000,10000,1,10000,0.06813406944274902,(0.30410232336187987+0.9097323410928777j),(2.0426584229163035e-08+6.079907676133748e-08j),0.9999836864387774,0.05770587921142578,0.8473622707755377,0.8473899184446475,,,174833,5922306,,,,,,,0.14792251586914062,0.08468413352966309,0.002185344696044922,,,,,-88.66257168215866,-88.6658065752235,0.02917799712589529,,,0.29339122772216797,0.06384658813476562,50,0.9979500828220831,(0.30410232336187987+0.9097323410928777j),(-0.003531078095517013-0.008550632684175545j),0.149888277053833,0.15113258361816406,0.5785744190216064
256,256,(0.9999999999999998+0j),10000,10000,1,10000,0.07015347480773926,(0.598006423649919+0.7518668540123228j),(3.496868204425294e-08+9.169457047820065e-08j),0.9999844319648156,0.056389808654785156,0.8525119787180969,0.8525385232109235,,,174585,5922886,,,,,,,0.1400282382965088,0.08458828926086426,0.0022194385528564453,,,,,-88.67153783462922,-88.66896230467572,-0.0007443608769934706,,,0.28414416313171387,0.057794809341430664,50,0.9980390496494835,(0.598006423649919+0.7518668540123228j),(-0.004312526264580035-0.007942662717024884j),0.13793230056762695,0.13907408714294434,0.5671718120574951
257,257,(1+0j),10000,10000,1,10000,0.06122732162475586,(0.8157069503947803+0.5079641853279103j),(9.826165268483927e-08+5.2224823472399346e-08j),0.9999845368700042,0.05185341835021973,0.8533952237248019,0.853421616659541,,,176580,5929318,,,,,,,0.14079809188842773,0.08203315734863281,0.001955747604370117,,,,,-88.66366991376194,-88.66454154319389,-0.026788888828986602,,,0.27756214141845703,0.061551809310913086,50,0.9980610373605041,(0.8157069503947803+0.5079641853279103j),(-0.004116763518874466-0.007908584899239584j),0.1397240161895752,0.1408557891845703,0.5428957939147949
258,258,(0.9999999999999994+0j),10000,10000,1,10000,0.06553006172180176,(0.8436412862833083+0.4608396406437424j),(9.288594757761283e-08+5.726757793299465e-08j),0.9999845349195248,0.052674293518066406,0.8546609903723851,0.8546874257876125,,,176039,5931046,,,,,,,0.14610671997070312,0.08520936965942383,0.0020945072174072266,,,,,-88.66316161196612,-88.66396913683351,-0.027705943671162338,,,0.2870004177093506,0.06235837936401367,50,0.9980870145101786,(0.8436412862833083+0.4608396406437424j),(-0.003533200132033362-0.008036546855712567j),0.14009976387023926,0.14117026329040527,0.5589735507965088
259,259,(0.9999999999999998+0j),10000,10000,1,10000,0.06422853469848633,(0.7278412311027206+0.6286620194977012j),(8.439423326420337e-08+2.011771721855267e-08j),0.9999849121928968,0.05535888671875,0.856233377592493,0.8562592155453211,,,179566,5959090,,,,,,,0.17690396308898926,0.08681368827819824,0.002113819122314453,,,,,-88.67133854451345,-88.667935003535,-0.006058929703060274,,,0.322070837020874,0.057021141052246094,50,0.9981167822066004,(0.7278412311027206+0.6286620194977012j),(-0.005093703624003321-0.007114153156418517j),0.12713885307312012,0.12839746475219727,0.5733814239501953
260,260,(0.9999999999999996+0j),10000,10000,1,10000,0.06513333320617676,(0.490620937921053+0.8260720254668478j),(2.6779557129075053e-08-3.1448108053556013e-08j),0.9999844233819164,0.05285763740539551,0.8528116585523015,0.8528382270160748,,,178191,5942958,,,,,,,0.15390777587890625,0.08067941665649414,0.002089977264404297,,,,,-88.66596743188438,-88.6662537621871,0.023497456478289245,,,0.29039883613586426,0.06074643135070801,50,0.9980715006833489,(0.490620937921053+0.8260720254668478j),(-0.005178728457129201-0.007255667677458077j),0.12793684005737305,0.12907028198242188,0.5469341278076172
261,261,(1+0j),10000,10000,1,10000,0.0630800724029541,(0.4502178367316321+0.8476788392698882j),(1.0077354814223306e-07-1.0836811112208752e-07j),0.9999839868882616,0.05225658416748047,0.8494335056543555,0.8494607104550848,,,177701,5940322,,,,,,,0.1434955596923828,0.08365988731384277,0.0021393299102783203,,,,,-88.66375018969168,-88.66627087694143,0.027933097971030066,,,0.2824265956878662,0.05353069305419922,50,0.9980264853266924,(0.4502178367316321+0.8476788392698882j),(-0.005041179975617354-0.007489973421596032j),0.12594318389892578,0.12703752517700195,0.527766227722168
262,262,(0.9999999999999999+0j),10000,10000,1,10000,0.06407332420349121,(0.610316801233243+0.740144151548467j),(5.40073743222498e-08-2.1998763538978716e-08j),0.9999837861436154,0.050699710845947266,0.8476917971021761,0.847719286476851,,,177642,5944802,,,,,,,0.136491060256958,0.08975625038146973,0.0021479129791259766,,,,,-88.6711842042826,-88.6709003554174,0.009652516701434872,,,0.280071496963501,0.06326675415039062,50,0.9980053761183647,(0.610316801233243+0.740144151548467j),(-0.004801006931485669-0.007714385482941766j),0.133711576461792,0.13499832153320312,0.544302225112915
263,263,(1+0j),10000,10000,1,10000,0.07160091400146484,(0.8568746584155438+0.42933728525907844j),(2.054176189722824e-08+6.321661002720306e-08j),0.999983712536439,0.0573277473449707,0.844539572308683,0.8445670837958393,,,180116,5959714,,,,,,,0.1445903778076172,0.08235287666320801,0.0021347999572753906,,,,,-88.66331181483591,-88.66762593051395,-0.028887649413566013,,,0.2873094081878662,0.06174039840698242,50,0.9979602526016583,(0.8568746584155438+0.42933728525907844j),(-0.004799073101502401-0.007699009978607255j),0.13281631469726562,0.13411545753479004,0.5567617416381836
264,264,(1+0j),10000,10000,1,10000,0.07054924964904785,(0.9096914984967789+0.30129588322697753j),(8.034030598540949e-08+2.6335687708888413e-08j),0.9999835897019694,0.05704045295715332,0.8440991552025964,0.8441268597219622,,,176787,5933186,,,,,,,0.1479630470275879,0.0856177806854248,0.0020694732666015625,,,,,-88.65314333073209,-88.66220503667495,-0.041788139471608775,,,0.2935628890991211,0.053862810134887695,50,0.9979549856897547,(0.9096914984967789+0.30129588322697753j),(-0.004902624330679652-0.00751863286933402j),0.12412786483764648,0.12523365020751953,0.5448555946350098
265,265,(0.9999999999999998+0j),10000,10000,1,10000,0.06354212760925293,(0.8835299794092633+0.3733440340085982j),(7.741321022835965e-08+4.6703662279051025e-08j),0.9999839851014591,0.05518841743469238,0.8471859599518184,0.8472130957980716,,,176468,5933432,,,,,,,0.16219043731689453,0.08749532699584961,0.002156972885131836,,,,,-88.65875418839296,-88.66416434399873,-0.03527499272770598,,,0.3079946041107178,0.06336474418640137,50,0.99800355390936,(0.8835299794092633+0.3733440340085982j),(-0.0022831095573566185-0.008572964148440394j),0.1260216236114502,0.12712931632995605,0.5638477802276611
266,266,(1+0j),10000,10000,1,10000,0.06017899513244629,(0.7333160799474473+0.6206572286717019j),(-1.1995558161914656e-08+7.852617971841152e-08j),0.9999846447299917,0.050935983657836914,0.8525825442540639,0.8526087281274956,,,177099,5931706,,,,,,,0.13852548599243164,0.07917070388793945,0.002080678939819336,,,,,-88.67137026751239,-88.66912249789243,-0.008730346471417945,,,0.2715616226196289,0.06337308883666992,50,0.9980841270224496,(0.7333160799474473+0.6206572286717019j),(-0.002137108686071159-0.008405697071733076j),0.12286090850830078,0.12397003173828125,0.5208659172058105
267,267,(1+0j),10000,10000,1,10000,0.06473040580749512,(0.4041731222206291+0.8718817274590347j),(3.881335694702829e-08+6.348626915738018e-08j),0.9999848954569851,0.05167031288146973,0.8536164353598111,0.8536422229164057,,,179063,5949736,,,,,,,0.1445937156677246,0.08359885215759277,0.0020294189453125,,,,,-88.6619989384399,-88.66369019418663,0.030011899814909836,,,0.2828195095062256,0.0629739761352539,50,0.9980964900638419,(0.4041731222206291+0.8718817274590347j),(-0.005448108908062135-0.006744612862088127j),0.13504981994628906,0.13633441925048828,0.5487990379333496
268,268,(1.0000000000000002+0j),10000,10000,1,10000,0.0696721076965332,(0.28123344005162576+0.9195012786142196j),(6.620046134105387e-08+8.526376408335756e-09j),0.9999849882808257,0.05648469924926758,0.8555213912165944,0.8555470774887308,,,177983,5949524,,,,,,,0.15892863273620605,0.08564376831054688,0.0021805763244628906,,,,,-88.65143070283939,-88.65737116465952,0.04184774869371165,,,0.30422425270080566,0.061913490295410156,50,0.9981191748108017,(0.28123344005162576+0.9195012786142196j),(-0.005564372371294162-0.0066452784072142295j),0.13556694984436035,0.13685846328735352,0.5746760368347168
269,269,(1.0000000000000002+0j),10000,10000,1,10000,0.06912994384765625,(0.38097631731822146+0.8841486236417422j),(-7.433352186450083e-09+2.2358234230234463e-08j),0.9999854314020711,0.05900001525878906,0.8597116759641501,0.8597367260990507,,,175810,5927032,,,,,,,0.16076397895812988,0.08638453483581543,0.002236604690551758,,,,,-88.65827849704795,-88.6597240781285,0.03399515592795869,,,0.30928874015808105,0.06150078773498535,50,0.998172551246808,(0.38097631731822146+0.8841486236417422j),(-0.0058545965962655995-0.006262621398759258j),0.12793183326721191,0.12907743453979492,0.5709645748138428
270,270,(0.9999999999999997+0j),10000,10000,1,10000,0.06268143653869629,(0.6637766973851632+0.6990917304139426j),(1.2166054301581443e-07-1.0354304376870883e-08j),0.9999858029296069,0.052880048751831055,0.8642422602684429,0.8642668002074462,,,178253,5947472,,,,,,,0.1498095989227295,0.08542752265930176,0.0021953582763671875,,,,,-88.67135715746258,-88.66535243363944,0.006043459608856478,,,0.2911858558654785,0.06658720970153809,50,0.998228110162916,(0.6637766973851632+0.6990917304139426j),(0.005346799653823024+0.006594640903661226j),0.13060307502746582,0.13175272941589355,0.5540783405303955
271,271,(1+0j),10000,10000,1,10000,0.06447339057922363,(0.8782542440145772+0.3968303336638749j),(9.380371149259838e-08+5.949134214428492e-08j),0.9999857456778476,0.05058121681213379,0.8632732852822728,0.8632978965595252,,,177142,5937372,,,,,,,0.13788986206054688,0.08347153663635254,0.0021185874938964844,,,,,-88.66482399044517,-88.6622950077508,-0.02527946191053536,,,0.2749202251434326,0.06464862823486328,50,0.9982017542966923,(0.8782542440145772+0.3968303336638749j),(0.005363860326103858+0.00683696489996017j),0.13878870010375977,0.14011621475219727,0.5461361408233643
272,272,(0.9999999999999999+0j),10000,10000,1,10000,0.07268929481506348,(0.9223191238976822+0.27677332571642677j),(7.995539489485418e-08+2.021823214210784e-08j),0.9999853499608772,0.05538630485534668,0.8604611676769074,0.8604863798104841,,,178322,5947818,,,,,,,0.1476731300354004,0.08400845527648926,0.002193927764892578,,,,,-88.65818572985438,-88.65975033270404,-0.03484938408616681,,,0.29007530212402344,0.06058526039123535,50,0.9981462603522745,(0.9223191238976822+0.27677332571642677j),(0.0049863762803871595+0.007404497898809102j),0.12497878074645996,0.12613844871520996,0.551260232925415
273,273,(1+0j),10000,10000,1,10000,0.06390023231506348,(0.8821853921867581+0.3847244058741195j),(-8.076170150079599e-09-2.9113026180386283e-08j),0.9999850502763263,0.051276206970214844,0.8586018058696924,0.8586274781648685,,,177933,5946718,,,,,,,0.14574837684631348,0.08242321014404297,0.0021605491638183594,,,,,-88.66564070938861,-88.66443406407878,-0.023917945897381353,,,0.2825281620025635,0.05825400352478027,50,0.9981034569829972,(0.8821853921867581+0.3847244058741195j),(0.003954084578772228+0.008216263676598579j),0.12923431396484375,0.1303699016571045,0.5367450714111328
274,274,(0.9999999999999999+0j),10000,10000,1,10000,0.06381797790527344,(0.696532312457998+0.6630112893207022j),(8.501031028381296e-08-2.771289723625327e-08j),0.9999844912170954,0.05493760108947754,0.8558069863389904,0.8558335320060437,,,177044,5936074,,,,,,,0.15028047561645508,0.0822141170501709,0.004272937774658203,,,,,-88.67161450092766,-88.66865540687728,0.006988826631400954,,,0.2925581932067871,0.06520628929138184,50,0.9980441746889522,(0.696532312457998+0.6630112893207022j),(0.0020535848007601503+0.009089093806792998j),0.12929916381835938,0.1304636001586914,0.5685968399047852
275,275,(0.9999999999999996+0j),10000,10000,1,10000,0.06119585037231445,(0.5126253317349175+0.8112823039299274j),(-3.0747864587310704e-08-3.2729563442126647e-08j),0.9999837617574495,0.055863142013549805,0.8489073776686356,0.8489349478679743,,,180773,5963250,,,,,,,0.14890146255493164,0.08545136451721191,0.002274036407470703,,,,,-88.66481888356827,-88.66737110994278,0.02717623474179572,,,0.29336118698120117,0.059173583984375,50,0.9979200165000319,(0.5126253317349175+0.8112823039299274j),(-4.562821431818266e-05+0.009536842437575755j),0.12768316268920898,0.12882041931152344,0.5443027019500732
276,276,(1+0j),10000,10000,1,10000,0.06440281867980957,(0.5019375393413207+0.8162137741487968j),(3.495394250237064e-08-1.5294549391832522e-08j),0.9999830655632389,0.05150008201599121,0.8437863377709337,0.8438149165896346,,,178390,5950034,,,,,,,0.1550753116607666,0.08335351943969727,0.002307415008544922,,,,,-88.6656138576594,-88.66952456097079,0.025840923488142882,,,0.2931241989135742,0.05657792091369629,50,0.9978231186199171,(0.5019375393413207+0.8162137741487968j),(-0.0014159781136533203+0.009503208792720326j),0.12917137145996094,0.13031530380249023,0.5461640357971191
277,277,(0.9999999999999999+0j),10000,10000,1,10000,0.06509804725646973,(0.6544781968550829+0.6990263487453855j),(8.066674567954729e-08+1.2977707001862652e-08j),0.9999828182946743,0.05130910873413086,0.8416703305796042,0.841699253988235,,,179315,5956848,,,,,,,0.15764617919921875,0.08545970916748047,0.002252817153930664,,,,,-88.67214085877977,-88.67371161578325,0.0044690804109726,,,0.29756903648376465,0.06257820129394531,50,0.9977741361063734,(0.6544781968550829+0.6990263487453855j),(-0.0018090012757338565+0.009344578278642369j),0.129317045211792,0.1304771900177002,0.5667684078216553
278,278,(1.0000000000000004+0j),10000,10000,1,10000,0.06302189826965332,(0.8368519370789631+0.4657595014645322j),(-1.0368338961501991e-07-3.726752563563389e-08j),0.9999828120570908,0.05077648162841797,0.8421598878745263,0.842188838613076,,,179167,5950850,,,,,,,0.15389132499694824,0.08497238159179688,0.0021736621856689453,,,,,-88.66642871000029,-88.6704204410298,-0.025302089039836006,,,0.29267287254333496,0.06158590316772461,50,0.9977685001650438,(0.8368519370789631+0.4657595014645322j),(-0.006515755577275928-0.006507630921589379j),0.12925386428833008,0.13041329383850098,0.5493483543395996
279,279,(1.0000000000000004+0j),10000,10000,1,10000,0.07204985618591309,(0.8619824150384051+0.41944972128677155j),(-1.4644105940393872e-07-2.580978242284924e-08j),0.999983307950707,0.058095455169677734,0.8452382623215495,0.8452664805455554,,,180831,5965342,,,,,,,0.15795660018920898,0.08547735214233398,0.002259969711303711,,,,,-88.66200647156587,-88.66690415081601,-0.031233127265187302,,,0.3046751022338867,0.06051230430603027,50,0.9978082390607126,(0.8619824150384051+0.41944972128677155j),(-0.006624592850702421-0.006015925713069531j),0.12717056274414062,0.12834405899047852,0.5672931671142578
280,280,(1+0j),10000,10000,1,10000,0.0632479190826416,(0.7804118397000362+0.5593779605660926j),(1.1491688746841079e-07-9.598166273085016e-09j),0.9999838039638741,0.05053973197937012,0.8506810743989726,0.8507086303912424,,,177362,5941738,,,,,,,0.15533685684204102,0.08206295967102051,0.0022177696228027344,,,,,-88.66825558992024,-88.66839846807689,-0.0177991781994555,,,0.2910447120666504,0.0603184700012207,50,0.9978843458743454,(0.7804118397000362+0.5593779605660926j),(-0.0063216173023470735-0.005847522143205157j),0.12924695014953613,0.13040852546691895,0.5467319488525391
281,281,(1+0j),10000,10000,1,10000,0.07333874702453613,(0.5374910427430438+0.7972290881386841j),(2.741035846068393e-08-6.687993176488658e-08j),0.9999843695727756,0.05397939682006836,0.8552794616247994,0.8553061990184363,,,180509,5971572,,,,,,,0.14457249641418457,0.08051729202270508,0.0021660327911376953,,,,,-88.67093225675484,-88.66840740277733,0.01115089593528543,,,0.2821364402770996,0.05388951301574707,50,0.9979448742745249,(0.5374910427430438+0.7972290881386841j),(0.007640971841319182+0.0034559981531381945j),0.12799954414367676,0.1291189193725586,0.5401623249053955
282,282,(0.9999999999999998+0j),10000,10000,1,10000,0.06225728988647461,(0.3766749837664057+0.8849454830843088j),(9.384856890953047e-08-6.009550978211665e-08j),0.9999846177598668,0.05045175552368164,0.8562643561184211,0.8562906992541306,,,180587,5976382,,,,,,,0.14856290817260742,0.09047555923461914,0.0021905899047851562,,,,,-88.66601031879009,-88.66560087060212,0.024884239934624488,,,0.2926006317138672,0.06650304794311523,50,0.9979439101899077,(0.3766749837664057+0.8849454830843088j),(0.00797735474781658+0.002736655350357768j),0.12663793563842773,0.1277613639831543,0.5507924556732178
283,283,(1.0000000000000009+0j),10000,10000,1,10000,0.0674753189086914,(0.4253283182314233+0.8627213001052296j),(8.592897001186088e-08+1.3894120270149848e-10j),0.9999844530108123,0.05010223388671875,0.8565904469928571,0.8566170824188416,,,179611,5961878,,,,,,,0.14209342002868652,0.08184647560119629,0.0021822452545166016,,,,,-88.66828994845348,-88.66677224100093,0.017854233470387032,,,0.2771437168121338,0.06096029281616211,50,0.9979263030178924,(0.4253283182314233+0.8627213001052296j),(0.008342671366089625+0.001348646939881321j),0.12586545944213867,0.12700366973876953,0.534416913986206
284,284,(1.0000000000000002+0j),10000,10000,1,10000,0.0644066333770752,(0.6421034957349518+0.7156240366878961j),(1.7934105753585315e-08+1.3209914839248918e-08j),0.9999842644042888,0.05092430114746094,0.8551613436556782,0.8551882572372719,,,181187,5972930,,,,,,,0.1558234691619873,0.08665990829467773,0.0022192001342773438,,,,,-88.67088437394743,-88.66862725678943,-0.006295622199340292,,,0.2964925765991211,0.06025218963623047,50,0.9978730263637761,(0.6421034957349518+0.7156240366878961j),(-0.0041511001140813325-0.0073662683998050845j),0.12900161743164062,0.13014960289001465,0.553093433380127
285,285,(1.0000000000000004+0j),10000,10000,1,10000,0.0651254653930664,(0.7830639570790515+0.5558680359218376j),(-2.1304133212000703e-08-2.8236888405065253e-09j),0.9999838366294003,0.04841899871826172,0.8510719214756576,0.8510994345244587,,,180536,5970156,,,,,,,0.14441728591918945,0.08220839500427246,0.0022897720336914062,,,,,-88.66720081755686,-88.66800396134317,-0.022629750879773196,,,0.27823519706726074,0.06163763999938965,50,0.9977872914056112,(0.7830639570790515+0.5558680359218376j),(-0.0038052604943479185-0.00870376782092359j),0.12762761116027832,0.12875890731811523,0.5354633331298828
286,286,(1+0j),10000,10000,1,10000,0.07078862190246582,(0.7991607456732787+0.5305905151059671j),(-3.4877342442917557e-09-6.488145041790357e-08j),0.9999835134967878,0.05673694610595703,0.8474425371339043,0.8474704805531571,,,183304,5989440,,,,,,,0.1621992588043213,0.08750796318054199,0.0022614002227783203,,,,,-88.6683156448082,-88.66975309033865,-0.021307900260601212,,,0.30965185165405273,0.06771254539489746,50,0.9977072461204111,(0.7991607456732787+0.5305905151059671j),(-0.005423428970370109-0.00863146890317833j),0.12831687927246094,0.12946248054504395,0.5794148445129395
287,287,(1+0j),10000,10000,1,10000,0.06532144546508789,(0.6841152645149045+0.6714412020101127j),(3.038562508320318e-08+1.2927865925534662e-08j),0.9999831038733911,0.05229759216308594,0.8450195998298299,0.845048155669844,,,182513,5987448,,,,,,,0.15111541748046875,0.08461403846740723,0.0022115707397460938,,,,,-88.67234364344242,-88.67257022369722,-0.00027046140910302077,,,0.29111599922180176,0.06361651420593262,50,0.997644896903443,(0.6841152645149045+0.6714412020101127j),(-0.004611607434978388-0.009232820606761808j),0.12749099731445312,0.12864160537719727,0.5596535205841064
288,288,(1.0000000000000009+0j),10000,10000,1,10000,0.06587696075439453,(0.5271984682346937+0.7996127838239369j),(-2.925057391369955e-08-6.7740232950741295e-09j),0.9999828015268358,0.05295395851135254,0.8422531350774807,0.842282106760764,,,182562,5979264,,,,,,,0.14909100532531738,0.0837087631225586,0.0023140907287597656,,,,,-88.66930808937134,-88.67178370238514,0.02042675099132088,,,0.28902268409729004,0.05910205841064453,50,0.9975714911725025,(0.5271984682346937+0.7996127838239369j),(-0.005910467649130831-0.008621381104588478j),0.12857818603515625,0.12974095344543457,0.545555591583252
289,289,(0.9999999999999996+0j),10000,10000,1,10000,0.06519293785095215,(0.5208185915388098+0.8034454667306558j),(-7.137598844203993e-08+3.923000543021967e-08j),0.9999827830914704,0.05245399475097656,0.8412833515476127,0.8413123208927766,,,184185,5999490,,,,,,,0.14934277534484863,0.0851602554321289,0.002390623092651367,,,,,-88.66920324279451,-88.6719465309832,0.02152464042396175,,,0.29023027420043945,0.057747602462768555,50,0.997526516775896,(0.5208185915388098+0.8034454667306558j),(-0.007442135943422077-0.007452616907078415j),0.1312401294708252,0.13236641883850098,0.5472173690795898
290,290,(1.0000000000000002+0j),10000,10000,1,10000,0.06436419486999512,(0.6700473671525002+0.6845271501197321j),(6.650878705415174e-08+3.53082286458989e-08j),0.9999828145092682,0.05188608169555664,0.8426752364177776,0.8427042007393554,,,181888,5978218,,,,,,,0.1500859260559082,0.08531856536865234,0.0022614002227783203,,,,,-88.67322936229414,-88.67354792420362,0.0029396387245075838,,,0.29045677185058594,0.06480526924133301,50,0.9975178699798117,(0.6700473671525002+0.6845271501197321j),(-0.00832958045622443-0.0065230053281504635j),0.14028048515319824,0.14162635803222656,0.5777277946472168
291,291,(0.9999999999999998+0j),10000,10000,1,10000,0.07203006744384766,(0.8108903837827102+0.5107043748086767j),(-6.785946512014575e-08+2.8061418433528194e-09j),0.9999829874013504,0.05710625648498535,0.8441530640450405,0.844181787252578,,,182262,5982944,,,,,,,0.16740679740905762,0.08589577674865723,0.0022585391998291016,,,,,-88.67013717041246,-88.67148726812857,-0.019774308811423922,,,0.31383633613586426,0.06703686714172363,50,0.997517973201715,(0.8108903837827102+0.5107043748086767j),(0.00696464723228467+0.008149398466193414j),0.12887954711914062,0.1311039924621582,0.5856623649597168
292,292,(0.9999999999999997+0j),10000,10000,1,10000,0.06419181823730469,(0.8085403624098888+0.5155437130981747j),(-2.7595179166684134e-08-2.7227735155448855e-09j),0.9999832177572677,0.04995012283325195,0.8462523750032763,0.8462807797438576,,,181899,5981730,,,,,,,0.14698195457458496,0.08538937568664551,0.0022504329681396484,,,,,-88.66973991632797,-88.6706368271829,-0.02098752025567693,,,0.2854163646697998,0.06180882453918457,50,0.9975271541865529,(0.8085403624098888+0.5155437130981747j),(0.007338585241732044+0.007886587459112967j),0.1280224323272705,0.12916946411132812,0.5423047542572021
293,293,(1.0000000000000004+0j),10000,10000,1,10000,0.06361818313598633,(0.6638595336110706+0.6928695872835618j),(-6.37779826880918e-08+1.587264004263882e-08j),0.9999835347979451,0.05113577842712402,0.8485251578817354,0.84855310084821,,,182876,5984144,,,,,,,0.17630219459533691,0.09213948249816895,0.002224445343017578,,,,,-88.67373160157726,-88.67203927571411,-0.0014601303376148905,,,0.3227670192718506,0.06082916259765625,50,0.9975347291095525,(0.6638595336110706+0.6928695872835618j),(0.008112124908723364+0.007117901235464448j),0.12945938110351562,0.13063335418701172,0.5890359878540039
294,294,(0.9999999999999999+0j),10000,10000,1,10000,0.06578946113586426,(0.4660766079613277+0.8381813958869747j),(-3.268382122602566e-08+5.1035483272448206e-08j),0.9999833445252904,0.05458950996398926,0.8466873659887664,0.8467155706534301,,,186381,6008974,,,,,,,0.1506824493408203,0.08707118034362793,0.002272367477416992,,,,,-88.67047224818992,-88.67105206018276,0.01917653116116001,,,0.29550766944885254,0.06103920936584473,50,0.9974832554789554,(0.4660766079613277+0.8381813958869747j),(-0.006030683208266245-0.009360237769822602j),0.1304912567138672,0.13169479370117188,0.5572938919067383
295,295,(1.0000000000000002+0j),10000,10000,1,10000,0.060979604721069336,(0.44321063989130627+0.849958365455812j),(-2.5982599189287726e-08+9.700581896073914e-09j),0.9999829846886307,0.05494046211242676,0.8450255196880768,0.8450542771667157,,,182807,5985316,,,,,,,0.17786908149719238,0.09188723564147949,0.0022661685943603516,,,,,-88.67034488201173,-88.67168604147082,0.019819708519746508,,,0.32785654067993164,0.057431697845458984,50,0.9974335612420129,(0.44321063989130627+0.849958365455812j),(-0.007264075567599131-0.008586494821821961j),0.12948155403137207,0.13061881065368652,0.5785274505615234
296,296,(1.0000000000000007+0j),10000,10000,1,10000,0.0628514289855957,(0.6106398507509564+0.7386972140646533j),(2.2821989115296014e-08-8.22715103757282e-09j),0.9999828445249168,0.05448460578918457,0.844459223492682,0.8444881984366328,,,184585,6001644,,,,,,,0.1458909511566162,0.0839231014251709,0.0022280216217041016,,,,,-88.67404260060763,-88.67390938828301,8.487253314066464e-05,,,0.2874164581298828,0.06688451766967773,50,0.997402138315892,(0.6106398507509564+0.7386972140646533j),(0.006587657007765314+0.00910296694127539j),0.13039278984069824,0.13160228729248047,0.5603888034820557
297,297,(1+0j),10000,10000,1,10000,0.06523847579956055,(0.7708408205674767+0.5686340618009417j),(-4.911929766042094e-08-2.4605900608692993e-08j),0.9999827889871458,0.05075669288635254,0.8426199224761616,0.8426489279096124,,,185180,6008988,,,,,,,0.14983797073364258,0.08685517311096191,0.002338886260986328,,,,,-88.67097552165119,-88.67286394523244,-0.019534832004489005,,,0.29071831703186035,0.062107086181640625,50,0.9973503768165933,(0.7708408205674767+0.5686340618009417j),(0.007782932310512619+0.008057483654361895j),0.12799310684204102,0.12912464141845703,0.5488498210906982
298,298,(0.9999999999999999+0j),10000,10000,1,10000,0.06615757942199707,(0.7883303178452173+0.5439711259700116j),(1.616878272782463e-08-1.1188263108297919e-08j),0.9999827911648537,0.05325055122375488,0.8423190576544611,0.8423480490624292,,,184627,6005256,,,,,,,0.15227603912353516,0.08209776878356934,0.0022537708282470703,,,,,-88.67095314614306,-88.67286798988722,-0.018981938570397306,,,0.29077911376953125,0.0708322525024414,50,0.9973293231244538,(0.7883303178452173+0.5439711259700116j),(0.008548952958457633+0.00707288821243222j),0.12977075576782227,0.13092756271362305,0.5604276657104492
299,299,(1.0000000000000002+0j),10000,10000,1,10000,0.06214165687561035,(0.6732089329012775+0.6819216483490378j),(-6.419743484565831e-08-1.643238127769058e-08j),0.9999830740769053,0.0549774169921875,0.8438838874463384,0.8439124551991992,,,183892,5992840,,,,,,,0.16210532188415527,0.08559823036193848,0.0022153854370117188,,,,,-88.67401177622662,-88.67388377731658,0.0011863873826242076,,,0.30580735206604004,0.06344413757324219,50,0.9973469643615474,(0.6732089329012775+0.6819216483490378j),(0.008676005008771802+0.006723870736219587j),0.13598418235778809,0.13733172416687012,0.5707101821899414
300,300,(0.9999999999999997+0j),10000,10000,1,10000,0.07062458992004395,(0.5343215232459857+0.7956574567578455j),(-2.9148472278627755e-08-7.091519737744655e-08j),0.9999833430777002,0.0570375919342041,0.8445102853715549,0.8445384199589161,,,186087,6023082,,,,,,,0.13830280303955078,0.08071494102478027,0.0021543502807617188,,,,,-88.67145719866048,-88.67230158747543,0.018721890122650253,,,0.2790563106536865,0.060044288635253906,50,0.9973552123688298,(0.5343215232459857+0.7956574567578455j),(-0.0067820615872346505-0.008536615948382377j),0.12630724906921387,0.12743711471557617,0.5388579368591309
301,301,(1.0000000000000002+0j),10000,10000,1,10000,0.06511974334716797,(0.54510487546849+0.7886664746804446j),(-8.392223673935615e-09-9.948580694894673e-08j),0.9999833252551377,0.05198359489440918,0.8455413005850677,0.8455694996613,,,184748,6005358,,,,,,,0.1556682586669922,0.08328986167907715,0.0023055076599121094,,,,,-88.67227797675285,-88.67234830085417,0.016193978545955896,,,0.29415464401245117,0.05819344520568848,50,0.9973741230039767,(0.54510487546849+0.7886664746804446j),(-0.008030146770931201-0.00724793052551661j),0.12952017784118652,0.1306595802307129,0.5498096942901611
302,302,(0.9999999999999998+0j),10000,10000,1,10000,0.06577801704406738,(0.6976690283767305+0.6579310601000559j),(-1.2590994482755672e-07+3.8702375596529195e-08j),0.9999835639175798,0.0511472225189209,0.8464148337382399,0.8464426579121567,,,185926,6016952,,,,,,,0.15097689628601074,0.0850374698638916,0.002327442169189453,,,,,-88.67401337949921,-88.67295500521605,-0.005582693077134671,,,0.29038262367248535,0.06038546562194824,50,0.9973842628977927,(0.6976690283767305+0.6579310601000559j),(0.006955307399422369+0.008277576246674453j),0.12430024147033691,0.12542510032653809,0.5436770915985107
303,303,(1.0000000000000009+0j),10000,10000,1,10000,0.06855249404907227,(0.7648843462286973+0.577884940120279j),(2.0442936714219792e-08-5.15457575446484e-08j),0.9999834984762908,0.05235862731933594,0.8452894666418578,0.8453173644607404,,,185511,6012584,,,,,,,0.13609623908996582,0.08465695381164551,0.0021812915802001953,,,,,-88.6716988596715,-88.67217419491728,-0.018161821814641942,,,0.2761659622192383,0.0619046688079834,50,0.9973544631169894,(0.7648843462286973+0.577884940120279j),(0.007049715095942442+0.008283914344775645j),0.12728524208068848,0.12845134735107422,0.536827564239502
304,304,(1.0000000000000002+0j),10000,10000,1,10000,0.06144094467163086,(0.7127347674883544+0.6407344669683009j),(-4.7050120172844464e-08-2.181579143342273e-08j),0.9999833117504477,0.05660223960876465,0.8444386592701102,0.8444668443818036,,,183561,5989858,,,,,,,0.15499162673950195,0.08769631385803223,0.0022792816162109375,,,,,-88.67382703435668,-88.67364307706906,-0.01222243522696143,,,0.3024470806121826,0.061673641204833984,50,0.9973323374677479,(0.7127347674883544+0.6407344669683009j),(0.005955957848759118+0.00918954468444454j),0.13213586807250977,0.1332716941833496,0.5605452060699463
305,305,(0.9999999999999997+0j),10000,10000,1,10000,0.06444406509399414,(0.505619815473823+0.813678611186859j),(8.8779378578523e-09-6.932744187879529e-08j),0.9999832487532814,0.05069446563720703,0.8429681220384168,0.8429963642820303,,,187084,6016974,,,,,,,0.14533305168151855,0.08453369140625,0.0022737979888916016,,,,,-88.67308958035348,-88.6737226275401,0.013248902849910019,,,0.28372907638549805,0.06215667724609375,50,0.997294268312092,(0.505619815473823+0.813678611186859j),(0.006148536995457417+0.009208696042669256j),0.13052678108215332,0.1316680908203125,0.5436768531799316
306,306,(1+0j),10000,10000,1,10000,0.06444787979125977,(0.42169472175760725+0.8598636913498273j),(-6.068236282790786e-08+2.266347068086755e-08j),0.9999830711010204,0.053200483322143555,0.8420017970302848,0.8420303060809484,,,185121,6007734,,,,,,,0.14603495597839355,0.08636188507080078,0.0022459030151367188,,,,,-88.67012658339343,-88.67248472717374,0.022041875774178717,,,0.28870105743408203,0.062012672424316406,50,0.9972638366504272,(0.42169472175760725+0.8598636913498273j),(0.006115484894795988+0.009299854332953153j),0.12650418281555176,0.1276388168334961,0.5445609092712402
307,307,(1+0j),10000,10000,1,10000,0.0670173168182373,(0.49369539128756845+0.8209053558887837j),(1.80553992263827e-08-6.775178608649865e-08j),0.9999833720160028,0.05369257926940918,0.8427845125286484,0.8428125408425026,,,186238,6017238,,,,,,,0.14449501037597656,0.08433723449707031,0.002200603485107422,,,,,-88.67354667592296,-88.67414516360961,0.013937987476703512,,,0.28557419776916504,0.06197619438171387,50,0.997267211361757,(0.49369539128756845+0.8209053558887837j),(0.005970740393476153+0.009362606897822439j),0.12937140464782715,0.13051557540893555,0.5467708110809326
308,308,(1.0000000000000002+0j),10000,10000,1,10000,0.06345224380493164,(0.7006765287720637+0.6536937355018128j),(1.8256347480723378e-08-5.4326244448752905e-08j),0.9999834541403843,0.05155301094055176,0.8439561867888833,0.8439841154432136,,,185625,6010866,,,,,,,0.1445753574371338,0.08559107780456543,0.002399444580078125,,,,,-88.67407352214073,-88.6741004402864,-0.011636547468867574,,,0.28503847122192383,0.05846285820007324,50,0.997274436590241,(0.7006765287720637+0.6536937355018128j),(0.005984569105721063+0.009271644376952836j),0.12940406799316406,0.1305713653564453,0.556739091873169
309,309,(1.0000000000000007+0j),10000,10000,1,10000,0.0632176399230957,(0.7602216443776895+0.5836494062146j),(-1.0138648627470215e-07+3.092633117827383e-08j),0.9999837142867554,0.04963064193725586,0.8445427769297323,0.844570285564703,,,188844,6033810,,,,,,,0.15651226043701172,0.09115052223205566,0.0022041797637939453,,,,,-88.67180916840526,-88.67269567815714,-0.018930510723499393,,,0.30046749114990234,0.06832027435302734,50,0.9972716721592751,(0.7602216443776895+0.5836494062146j),(0.006484140832874083+0.00873817174623435j),0.13552308082580566,0.13666367530822754,0.5704584121704102
310,310,(0.9999999999999998+0j),10000,10000,1,10000,0.06343245506286621,(0.7027020245381465+0.6522300151174745j),(-1.868758340069416e-08+1.7232790603469466e-08j),0.9999836900137706,0.05237436294555664,0.8456567931376487,0.8456843791138386,,,186525,6019736,,,,,,,0.15191197395324707,0.08552765846252441,0.002270221710205078,,,,,-88.67500212579289,-88.67404619928477,-0.008616273274181258,,,0.2929401397705078,0.06022524833679199,50,0.9972887315804206,(0.7027020245381465+0.6522300151174745j),(0.007095008068826362+0.007966897593544018j),0.12868142127990723,0.12984442710876465,0.5570909976959229
311,311,(0.9999999999999998+0j),10000,10000,1,10000,0.06519055366516113,(0.5208620692175006+0.8045008574930591j),(-2.7712039965480102e-08-5.264417708454391e-08j),0.9999835712821864,0.051217079162597656,0.8444246651961381,0.8444524115089699,,,185036,6002510,,,,,,,0.1433699131011963,0.07857155799865723,0.002366781234741211,,,,,-88.67334200328288,-88.67359721756182,0.015664472147218233,,,0.2764732837677002,0.06564927101135254,50,0.9972555424175267,(0.5208620692175006+0.8045008574930591j),(0.007711908119011142+0.007253116440925698j),0.13761377334594727,0.13895082473754883,0.5482344627380371
312,312,(0.9999999999999997+0j),10000,10000,1,10000,0.07371044158935547,(0.4860999999408408+0.8255726785260974j),(1.601295399830468e-08+6.205546582536938e-08j),0.9999832255001603,0.05601978302001953,0.8432284385900597,0.8432567287725043,,,183137,5991198,,,,,,,0.14926576614379883,0.08493566513061523,0.002187490463256836,,,,,-88.67169286651139,-88.67314677942167,0.020056564823396846,,,0.2933175563812256,0.07552719116210938,50,0.9972251583582306,(0.4860999999408408+0.8255726785260974j),(0.007745992412482619+0.007423594217297651j),0.13838958740234375,0.14043879508972168,0.5847139358520508
313,313,(1.0000000000000002+0j),10000,10000,1,10000,0.07114577293395996,(0.5933943044108972+0.7521420483875154j),(-2.104855994200427e-08+8.243262906543388e-08j),0.99998323468965,0.05698847770690918,0.8431726583324007,0.8432009311459936,,,184236,5997848,,,,,,,0.14202499389648438,0.08655977249145508,0.002175569534301758,,,,,-88.67545316926137,-88.67522661696212,0.0073457261114655455,,,0.2886171340942383,0.05610179901123047,50,0.9972158008623674,(0.5933943044108972+0.7521420483875154j),(0.007628329075660337+0.007625662206022535j),0.12944817543029785,0.13057708740234375,0.5625345706939697
314,314,(1.0000000000000004+0j),10000,10000,1,10000,0.06469893455505371,(0.7666841947895218+0.5739350348143598j),(-6.77591430803277e-08-6.709443865964408e-08j),0.9999832366020026,0.05117678642272949,0.8420243664173603,0.8420525975063874,,,185651,6011576,,,,,,,0.153594970703125,0.08792424201965332,0.0022809505462646484,,,,,-88.67296744855739,-88.6743077672496,-0.017710448542230597,,,0.295881986618042,0.06090807914733887,50,0.9971757213032453,(0.7666841947895218+0.5739350348143598j),(0.007267009822363912+0.007898435910074596j),0.12924695014953613,0.1303870677947998,0.5535705089569092
315,315,(0.9999999999999999+0j),10000,10000,1,10000,0.0649864673614502,(0.7964422894357603+0.5319716285244626j),(5.9280050734618554e-08-8.553904848081497e-08j),0.9999830935022637,0.052942514419555664,0.8422138728732352,0.8422423513693107,,,185644,6013398,,,,,,,0.1420154571533203,0.08350753784179688,0.0021691322326660156,,,,,-88.67066788411887,-88.67299999453071,-0.02272423120224014,,,0.2814774513244629,0.059449195861816406,50,0.9971596666669981,(0.7964422894357603+0.5319716285244626j),(0.006771042453891037+0.008267778874919317j),0.1288318634033203,0.1299738883972168,0.5375850200653076
316,316,(1.0000000000000002+0j),10000,10000,1,10000,0.06432294845581055,(0.7318843960212731+0.6185710156276477j),(1.133020774491644e-08-7.163751967962927e-08j),0.9999832205543223,0.0499720573425293,0.8439750034841075,0.8440033270624346,,,184856,6003792,,,,,,,0.142960786819458,0.08037757873535156,0.003758668899536133,,,,,-88.67468532558999,-88.67456762555128,-0.011652522571519683,,,0.2780306339263916,0.058988332748413086,50,0.9971775228926383,(0.7318843960212731+0.6185710156276477j),(0.006516709672484929+0.0084888170249109j),0.1282351016998291,0.12941598892211914,0.5324831008911133
317,317,(0.9999999999999992+0j),10000,10000,1,10000,0.06299591064453125,(0.5707563199939767+0.7700981954278328j),(-7.552796376559007e-08+2.8454272134587287e-08j),0.9999833046169563,0.052258968353271484,0.8449367736449698,0.8449649874376957,,,185321,6010474,,,,,,,0.14519953727722168,0.08956289291381836,0.002222776412963867,,,,,-88.67520780522027,-88.67448453881454,0.01164461987276436,,,0.2901740074157715,0.06329226493835449,50,0.9971835090811552,(0.5707563199939767+0.7700981954278328j),(0.008509271278740314+0.007268360392984334j),0.12821054458618164,0.12937092781066895,0.5475277900695801
318,318,(1.0000000000000002+0j),10000,10000,1,10000,0.06125807762145996,(0.5634769929389899+0.7751737328140265j),(-3.366711861044257e-08+3.073574723391491e-08j),0.9999831659712689,0.0512843132019043,0.8441822789305852,0.8442107016257615,,,185491,6014666,,,,,,,0.14855694770812988,0.08723044395446777,0.002318859100341797,,,,,-88.67440799156763,-88.67422915130635,0.014547616757354725,,,0.2903611660003662,0.059867143630981445,50,0.9971486233248346,(0.5634769929389899+0.7751737328140265j),(0.007158204415807483+0.008708583050888096j),0.12802600860595703,0.12916302680969238,0.5423295497894287
319,319,(0.9999999999999998+0j),10000,10000,1,10000,0.06268692016601562,(0.6799325285559495+0.6747991559618383j),(-3.793906328553802e-08+2.3293088242610757e-08j),0.999983070616376,0.05549192428588867,0.8428394414885978,0.8428679797177745,,,184991,6015620,,,,,,,0.14388060569763184,0.08597326278686523,0.003153562545776367,,,,,-88.67657071039133,-88.67582430751503,0.0011122250238386436,,,0.28941822052001953,0.06681632995605469,50,0.9970943502704062,(0.6799325285559495+0.6747991559618383j),(0.007670646154314812+0.00828575956322392j),0.12920427322387695,0.13034486770629883,0.5680112838745117
320,320,(0.9999999999999999+0j),10000,10000,1,10000,0.06388664245605469,(0.7700088516222217+0.5680278916029479j),(9.260519016850102e-09+3.515419701533564e-08j),0.9999824715591248,0.049640655517578125,0.8390348975784323,0.83906431229901,,,185605,6013698,,,,,,,0.1549510955810547,0.08609628677368164,0.0022673606872558594,,,,,-88.67562238726208,-88.6767321109955,-0.012347016924223533,,,0.2938861846923828,0.06451106071472168,50,0.9969683934690898,(0.7700088516222217+0.5680278916029479j),(0.00767804390348899+0.008427763531615466j),0.12738990783691406,0.1285381317138672,0.5524923801422119
321,321,(0.9999999999999993+0j),10000,10000,1,10000,0.06348752975463867,(0.737003268238626+0.6092579011316926j),(4.3146572020330566e-10-1.4939790701408545e-07j),0.9999821674918701,0.050698280334472656,0.8368511914266784,0.8368810385363985,,,187520,6032502,,,,,,,0.14167523384094238,0.08630728721618652,0.0023572444915771484,,,,,-88.67650599969863,-88.67800076618967,-0.006849965772593854,,,0.2818920612335205,0.05757880210876465,50,0.9968646562267374,(0.737003268238626+0.6092579011316926j),(0.007424261414109155+0.008720801915427462j),0.12950515747070312,0.13064217567443848,0.5352818965911865
322,322,(0.9999999999999998+0j),10000,10000,1,10000,0.06469345092773438,(0.6330066923292346+0.7167890155243775j),(-1.1635661536469257e-08+1.4720556813690593e-08j),0.9999819922208706,0.05013871192932129,0.837048094481019,0.8370782420497648,,,186603,6027726,,,,,,,0.15865063667297363,0.08484196662902832,0.002267599105834961,,,,,-88.67666627956106,-88.67801266406684,0.008565445199407091,,,0.29680347442626953,0.05994534492492676,50,0.9968254327956534,(0.6330066923292346+0.7167890155243775j),(-0.008984465028726083-0.007482594763898457j),0.1297135353088379,0.13087153434753418,0.5630667209625244
323,323,(1.0000000000000004+0j),10000,10000,1,10000,0.06459665298461914,(0.6568601212391234+0.6959110792134433j),(-4.972980989628113e-08+5.841039466324234e-08j),0.9999820676190537,0.05173516273498535,0.8393404657029181,0.8393705692586075,,,186932,6023642,,,,,,,0.14260196685791016,0.08423066139221191,0.0022776126861572266,,,,,-88.67745137262767,-88.67759052151315,0.005162267867327471,,,0.28174591064453125,0.06012248992919922,50,0.9968376872740362,(0.6568601212391234+0.6959110792134433j),(-0.007913655176712026-0.008430278541920145j),0.12864089012145996,0.12980318069458008,0.5474920272827148
324,324,(1.0000000000000002+0j),10000,10000,1,10000,0.06406545639038086,(0.7511679426577857+0.5933679970729211j),(1.528611899167815e-08-9.895615039153854e-08j),0.9999821659016153,0.04986572265625,0.840383348718116,0.8404133244786436,,,189064,6043530,,,,,,,0.14059233665466309,0.0880727767944336,0.002376079559326172,,,,,-88.67700454307844,-88.67690985598946,-0.009714915333492787,,,0.2817385196685791,0.0571742057800293,50,0.9968176234777809,(0.7511679426577857+0.5933679970729211j),(-0.0075114616684834375-0.008647131924788953j),0.1274268627166748,0.12856030464172363,0.5331747531890869
325,325,(1.0000000000000009+0j),10000,10000,1,10000,0.0644083023071289,(0.7168343777988028+0.6343516100296878j),(-9.732494099069909e-08-1.920041730388034e-08j),0.9999821109202575,0.051407814025878906,0.8402132759320393,0.840243338023299,,,189785,6050496,,,,,,,0.15158748626708984,0.09122800827026367,0.0018725395202636719,,,,,-88.678146880412,-88.67758485141196,-0.0053989532219259236,,,0.2970085144042969,0.07122063636779785,50,0.9967610095296635,(0.7168343777988028+0.6343516100296878j),(0.0005144501423995144+0.011435773756254939j),0.1463789939880371,0.14758634567260742,0.5909357070922852
326,326,(1.0000000000000002+0j),10000,10000,1,10000,0.06727004051208496,(0.5874846760082794+0.7546061703612054j),(7.802997764346574e-08+8.220683238345994e-10j),0.9999814501217992,0.06086611747741699,0.8371419137114373,0.8371729723367072,,,189440,6047000,,,,,,,0.1600193977355957,0.09136128425598145,0.0019731521606445312,,,,,-88.67737285803479,-88.67824993239907,0.01194484049744349,,,0.31514549255371094,0.06061673164367676,50,0.9966350424237237,(0.5874846760082794+0.7546061703612054j),(0.0025794086401900456+0.011899442819648273j),0.1341249942779541,0.1352396011352539,0.5800971984863281
327,327,(0.9999999999999994+0j),10000,10000,1,10000,0.06372427940368652,(0.6091890356773999+0.7363861231642935j),(-1.2602341140333136e-07-9.281433745641646e-08j),0.9999809920279985,0.052230119705200195,0.8349641329970509,0.8349958758518236,,,191059,6051390,,,,,,,0.13193035125732422,0.0878298282623291,0.0019178390502929688,,,,,-88.67834396095735,-88.6795555764226,0.008650933385143946,,,0.2747459411621094,0.0609281063079834,50,0.9965231330115845,(0.6091890356773999+0.7363861231642935j),(0.00915729396792083+0.007880551328361947j),0.13371849060058594,0.1348130702972412,0.5453178882598877
328,328,(1.0000000000000004+0j),10000,10000,1,10000,0.0625143051147461,(0.7440309695277944+0.5996030636999045j),(1.7261017689408535e-07+1.5039151907955796e-07j),0.9999807122567851,0.05860733985900879,0.8344543706640356,0.8344865610786049,,,189205,6050280,,,,,,,0.16964244842529297,0.08297276496887207,0.004467010498046875,,,,,-88.67840146679706,-88.67978622876458,-0.011847103141253023,,,0.31664538383483887,0.06492352485656738,50,0.9964479488888024,(0.7440309695277944+0.5996030636999045j),(0.009319090501691746+0.00747617198891746j),0.1268448829650879,0.1279904842376709,0.5853426456451416
329,329,(1.0000000000000004+0j),10000,10000,1,10000,0.06548619270324707,(0.7522643872910149+0.5895924407325411j),(4.0835912738202866e-08+7.154044689895648e-08j),0.9999810349198728,0.05157041549682617,0.8351858678648877,0.8352175474999053,,,192249,6067178,,,,,,,0.1436774730682373,0.08494043350219727,0.0021584033966064453,,,,,-88.67837965536594,-88.67948846307326,-0.013512355800681858,,,0.2832961082458496,0.07085967063903809,50,0.9964119994507277,(0.7522643872910149+0.5895924407325411j),(-0.007985500882362504-0.008882669032421601j),0.14252877235412598,0.14382076263427734,0.5654077529907227
330,330,(1.0000000000000004+0j),10000,10000,1,10000,0.0691993236541748,(0.635540496684875+0.7143858649595926j),(1.1069361500811478e-07+6.343498751663424e-08j),0.9999812468833934,0.05572152137756348,0.8365022757903834,0.8365336507223864,,,194302,6077230,,,,,,,0.15635371208190918,0.09026789665222168,0.0020241737365722656,,,,,-88.68019120330061,-88.6799918949747,0.004207606952776728,,,0.3052692413330078,0.06282854080200195,50,0.99639285180017,(0.635540496684875+0.7143858649595926j),(-0.007631908058200235-0.009171322388352452j),0.1350998878479004,0.13619136810302734,0.584862470626831
331,331,(1.0000000000000002+0j),10000,10000,1,10000,0.06889224052429199,(0.5646567933811159+0.7712986892986589j),(7.810749681353904e-08-6.735385627225603e-08j),0.9999809098830621,0.05126357078552246,0.8355415431238196,0.8355734452088679,,,191727,6069216,,,,,,,0.13414335250854492,0.08360815048217773,0.0019829273223876953,,,,,-88.67934647586476,-88.67992441921835,0.013431731986193173,,,0.2718665599822998,0.06125783920288086,50,0.9963184889690708,(0.5646567933811159+0.7712986892986589j),(-0.008372115049277125-0.008531881597211126j),0.1355288028717041,0.13663077354431152,0.5403909683227539
332,332,(1.0000000000000002+0j),10000,10000,1,10000,0.06266212463378906,(0.6312416368604893+0.717305807642712j),(-6.156254978699579e-08-9.23686962906949e-08j),0.9999809518277548,0.053473472595214844,0.8341764686129213,0.8342082485950585,,,191726,6064162,,,,,,,0.15104436874389648,0.08681845664978027,0.003989458084106445,,,,,-88.68119784729893,-88.68141674721355,0.003926726290126007,,,0.29621052742004395,0.058507442474365234,50,0.9962632698225729,(0.6312416368604893+0.717305807642712j),(0.011324081444608492+0.004404778870625615j),0.13696789741516113,0.13804411888122559,0.5667006969451904
333,333,(0.9999999999999996+0j),10000,10000,1,10000,0.06431365013122559,(0.7714825715156235+0.5622745765864362j),(9.441582550191151e-08+2.931887349829893e-08j),0.999980820253717,0.052667856216430664,0.8311661280553271,0.8311980120835258,,,192530,6074816,,,,,,,0.1430799961090088,0.09045004844665527,0.002062559127807617,,,,,-88.67863839220621,-88.68107811396543,-0.018085607796425412,,,0.2891416549682617,0.07330775260925293,50,0.9962054992527656,(0.7714825715156235+0.5622745765864362j),(0.010814197236458269+0.006280963778072176j),0.14237117767333984,0.14358067512512207,0.5721895694732666
334,334,(1.0000000000000002+0j),10000,10000,1,10000,0.07073974609375,(0.7808030716759338+0.5486594193779831j),(-3.3709555534832335e-08-7.362740490794543e-11j),0.9999809833141519,0.05710577964782715,0.829968283238392,0.8299998506310622,,,193440,6074776,,,,,,,0.13803315162658691,0.09261035919189453,0.002076864242553711,,,,,-88.67821374901312,-88.6812261461888,-0.020169069429145214,,,0.292712926864624,0.0680398941040039,50,0.9962010732413356,(0.7808030716759338+0.5486594193779831j),(-0.009406392153211145-0.007996662872420962j),0.14095711708068848,0.14221954345703125,0.5755946636199951
335,335,(0.9999999999999997+0j),10000,10000,1,10000,0.0722348690032959,(0.6772063720704536+0.6727679807047989j),(-6.897254183161043e-08+3.8988148956457354e-08j),0.9999813251787129,0.05420231819152832,0.8309474586118857,0.8309784950718607,,,194910,6089834,,,,,,,0.14960813522338867,0.09120893478393555,0.0019409656524658203,,,,,-88.68195174525333,-88.68279915263896,-0.0034412525498201015,,,0.2978818416595459,0.06302118301391602,50,0.9962508904882963,(0.6772063720704536+0.6727679807047989j),(-0.00872752120191666-0.008420152108504386j),0.1354660987854004,0.1367475986480713,0.5809910297393799
336,336,(0.9999999999999997+0j),10000,10000,1,10000,0.06505584716796875,(0.4731622957041884+0.8296213167655254j),(6.318421069140523e-08-1.7620182362460107e-09j),0.9999820384754909,0.05591225624084473,0.8326285408636287,0.8326584522253943,,,197225,6103248,,,,,,,0.14069700241088867,0.09270477294921875,0.0019032955169677734,,,,,-88.67714777311097,-88.67962593021682,0.023378270988903736,,,0.2921130657196045,0.059195756912231445,50,0.9962920830823659,(0.4731622957041884+0.8296213167655254j),(-0.00043710891055605733+0.012147272382254751j),0.1359567642211914,0.13704776763916016,0.5551116466522217
337,337,(1+0j),10000,10000,1,10000,0.06394338607788086,(0.4403812075355192+0.8484999528902509j),(-3.140491000923022e-08-5.980620242139453e-08j),0.9999826667573799,0.05407261848449707,0.8357743894316876,0.8358033635455436,,,195493,6095972,,,,,,,0.14887404441833496,0.09134984016418457,0.002008199691772461,,,,,-88.67468646608886,-88.67724875068687,0.028269867818670226,,,0.2971816062927246,0.05578207969665527,50,0.9963856595731025,(0.4403812075355192+0.8484999528902509j),(0.006570598417597955+0.01035719849332539j),0.1362457275390625,0.1372983455657959,0.5560357570648193
338,338,(0.9999999999999999+0j),10000,10000,1,10000,0.07182669639587402,(0.5712099665912026+0.7681114598701151j),(-4.459676864648799e-08+2.0536429919955007e-08j),0.9999832731629414,0.05703330039978027,0.8401177428502891,0.8401458485806569,,,195747,6099036,,,,,,,0.1619722843170166,0.09043431282043457,0.0019299983978271484,,,,,-88.6802995715349,-88.67888638146205,0.013793862916687173,,,0.3123958110809326,0.062201499938964844,50,0.9965033831858587,(0.5712099665912026+0.7681114598701151j),(0.01037511999724567+0.005933614739498126j),0.13260340690612793,0.1336822509765625,0.5820133686065674
339,339,(1.0000000000000002+0j),10000,10000,1,10000,0.06938838958740234,(0.775122013168635+0.5623544448903297j),(4.4868333516613976e-08-8.295867078015106e-08j),0.9999836003426873,0.05601191520690918,0.8415428669608219,0.8415704696690965,,,196479,6102424,,,,,,,0.1478135585784912,0.08880805969238281,0.0021200180053710938,,,,,-88.6794645127594,-88.6781945118412,-0.01606621217342151,,,0.2956268787384033,0.05565476417541504,50,0.9965341504661926,(0.775122013168635+0.5623544448903297j),(0.008840301110479277+0.00798635849364675j),0.13519692420959473,0.13628864288330078,0.5585575103759766
340,340,(0.9999999999999999+0j),10000,10000,1,10000,0.06289529800415039,(0.8210888588343855+0.49252355374064605j),(-5.0480381051616386e-08+2.5525142321605514e-08j),0.9999837024416554,0.05243039131164551,0.8410217830573928,0.8410491969307167,,,195795,6098772,,,,,,,0.1490616798400879,0.08985590934753418,0.0019440650939941406,,,,,-88.67527302156762,-88.6762721724257,-0.026876685061221,,,0.29427337646484375,0.0620265007019043,50,0.9965198838135316,(0.8210888588343855+0.49252355374064605j),(0.008220475571871357+0.008735731916559622j),0.13192510604858398,0.13300228118896484,0.5538451671600342
341,341,(1.0000000000000002+0j),10000,10000,1,10000,0.06268835067749023,(0.7511564342867112+0.5937142113666047j),(2.828971898625929e-08-3.3107971091758704e-09j),0.999983775545667,0.053730010986328125,0.8409695703794263,0.8409968595883336,,,195414,6098302,,,,,,,0.14694595336914062,0.08521914482116699,0.0021088123321533203,,,,,-88.67941145510252,-88.67857856371431,-0.018246550555162916,,,0.28887438774108887,0.0669560432434082,50,0.9965102286561276,(0.7511564342867112+0.5937142113666047j),(0.008805541308000528+0.008343744475581777j),0.14037871360778809,0.14145183563232422,0.5616734027862549
342,342,(0.9999999999999997+0j),10000,10000,1,10000,0.06626081466674805,(0.5273461292845679+0.7986620052304015j),(-2.8333025021913716e-08-3.728266998188023e-08j),0.9999835773381607,0.05390310287475586,0.8395645425075895,0.8395921189560538,,,196165,6099492,,,,,,,0.1304917335510254,0.0898137092590332,0.0020008087158203125,,,,,-88.68167054660329,-88.68039749251908,0.009096954733452216,,,0.2770206928253174,0.06180834770202637,50,0.99645167984461,(0.5273461292845679+0.7986620052304015j),(0.008063569276685719+0.009414769660949718j),0.13422226905822754,0.13527321815490723,0.5419876575469971
343,343,(1.0000000000000002+0j),10000,10000,1,10000,0.06357312202453613,(0.40945394390988366+0.8638101578809649j),(-1.0080816872211674e-08-8.726089658311358e-08j),0.9999831360775614,0.05547809600830078,0.8356993592238074,0.835727546275174,,,195441,6088984,,,,,,,0.1817021369934082,0.09863853454589844,0.002924203872680664,,,,,-88.67769637473758,-88.67988935832074,0.022843735108060193,,,0.3397030830383301,0.06441974639892578,50,0.9963212681386556,(0.40945394390988366+0.8638101578809649j),(0.008705890707803688+0.00915384875721704j),0.14117741584777832,0.14230704307556152,0.611644983291626
344,344,(0.9999999999999998+0j),10000,10000,1,10000,0.06722164154052734,(0.46838513227238343+0.8326392188587435j),(-1.6618651343279993e-08-2.5846600888881127e-08j),0.9999828753630187,0.056922197341918945,0.83362979718942,0.8336583491381379,,,196931,6101546,,,,,,,0.15611577033996582,0.09010672569274902,0.0020170211791992188,,,,,-88.67987123644788,-88.68204453580215,0.018439728779356266,,,0.3060879707336426,0.06478214263916016,50,0.9962384771830955,(0.46838513227238343+0.8326392188587435j),(-0.00772613547750429-0.010002332647235422j),0.1524183750152588,0.15365839004516602,0.5935981273651123
345,345,(1+0j),10000,10000,1,10000,0.07245278358459473,(0.6724671276393452+0.6786326887694705j),(-5.182519372185897e-08-2.8321911660797962e-08j),0.9999827392737399,0.05493283271789551,0.8337833013955943,0.8338120855514967,,,196475,6101562,,,,,,,0.14688944816589355,0.09041953086853027,0.0020689964294433594,,,,,-88.68303608571276,-88.68391732895049,-0.004365248204725881,,,0.2952415943145752,0.0638427734375,50,0.9962074151411084,(0.6724671276393452+0.6786326887694705j),(-0.00802693624242226-0.009600297730457586j),0.1391429901123047,0.14026856422424316,0.5827088356018066
346,346,(0.9999999999999996+0j),10000,10000,1,10000,0.06367182731628418,(0.7684627273562659+0.5684368288837802j),(8.906598487050535e-08+3.8210049099824635e-08j),0.999982847924726,0.05429196357727051,0.8354089019982164,0.8354375607282926,,,195696,6097836,,,,,,,0.14092254638671875,0.08641195297241211,0.002021312713623047,,,,,-88.68027652718897,-88.68209583970065,-0.018287123749533778,,,0.28463053703308105,0.06470990180969238,50,0.9962011682085389,(0.7684627273562659+0.5684368288837802j),(-0.008372177555737163-0.00915537935335523j),0.13716483116149902,0.13825035095214844,0.552861213684082
347,347,(0.9999999999999999+0j),10000,10000,1,10000,0.06669402122497559,(0.7339729420289309+0.6136384159353888j),(-7.264725282506696e-08-2.619730373773456e-08j),0.999982973082421,0.0579373836517334,0.8383277512548916,0.8383563002590917,,,195592,6090754,,,,,,,0.1598038673400879,0.09153032302856445,0.0019381046295166016,,,,,-88.68169776232489,-88.6819912179326,-0.013650256442186667,,,0.31212735176086426,0.06727051734924316,50,0.9962283438183336,(0.7339729420289309+0.6136384159353888j),(-0.008384360301587632-0.008951480316610095j),0.14781761169433594,0.14896392822265625,0.5970790386199951
348,348,(0.9999999999999998+0j),10000,10000,1,10000,0.06587910652160645,(0.5435629620981691+0.7881003272460196j),(-3.6690649653076946e-08-1.1214232223829452e-07j),0.9999831679018185,0.05541586875915527,0.8406726497364404,0.8407009510201513,,,195607,6099352,,,,,,,0.15687274932861328,0.09559988975524902,0.0022194385528564453,,,,,-88.68277956779171,-88.68183540616889,0.009146520342620444,,,0.31108689308166504,0.06047844886779785,50,0.9962423871404842,(0.5435629620981691+0.7881003272460196j),(0.008699264229107606+0.009080195554221787j),0.14855051040649414,0.14969944953918457,0.5890190601348877
349,349,(1.0000000000000007+0j),10000,10000,1,10000,0.07323694229125977,(0.4457335035589892+0.8471700540742778j),(6.692927754956782e-08-9.814174144218541e-09j),0.9999828970097315,0.05705070495605469,0.8403287010887307,0.8403574460933609,,,194264,6078218,,,,,,,0.1617424488067627,0.09648299217224121,0.0023670196533203125,,,,,-88.68070298735238,-88.68095491625877,0.018291530109886326,,,0.3187248706817627,0.05951690673828125,50,0.9961815805205225,(0.4457335035589892+0.8471700540742778j),(0.009321089622483346+0.008960611858330416j),0.1463613510131836,0.14769244194030762,0.6010346412658691
350,350,(1.0000000000000004+0j),10000,10000,1,10000,0.0700535774230957,(0.499901928534652+0.8161810337068602j),(2.4933000347822525e-08+3.490137417772034e-08j),0.9999826958869654,0.057279109954833984,0.8397433579774195,0.8397724207597489,,,194682,6087452,,,,,,,0.18176555633544922,0.10272932052612305,0.0023288726806640625,,,,,-88.68287505478204,-88.68238850981045,0.011222567189062487,,,0.3451974391937256,0.06326436996459961,50,0.996125893240687,(0.499901928534652+0.8161810337068602j),(0.009130514941168184+0.009469833371322593j),0.1354978084564209,0.13664460182189941,0.6170167922973633
351,351,(0.9999999999999996+0j),10000,10000,1,10000,0.06517171859741211,(0.682955978690256+0.6696442306667197j),(8.566892883987946e-12+1.1019076652879008e-07j),0.999982530533852,0.05056476593017578,0.8375639887494467,0.8375932531077904,,,195104,6089850,,,,,,,0.13276910781860352,0.08807158470153809,0.0022079944610595703,,,,,-88.68289080630375,-88.68315779843819,-0.01108211235531285,,,0.2745788097381592,0.06226801872253418,50,0.9960243924938675,(0.682955978690256+0.6696442306667197j),(-0.005552852157607144-0.01152028980587188j),0.1278831958770752,0.12932538986206055,0.5331933498382568
352,352,(1+0j),10000,10000,1,10000,0.06570863723754883,(0.7280108306457693+0.6193329416121344j),(-5.345082354177346e-08-1.3564353561469224e-08j),0.9999820924184142,0.05543923377990723,0.8352487506856375,0.8352786660594979,,,194636,6092498,,,,,,,0.1381387710571289,0.08786725997924805,0.002033233642578125,,,,,-88.68173561648088,-88.68335594132932,-0.016010497642149946,,,0.28438687324523926,0.05995678901672363,50,0.995935284221261,(0.7280108306457693+0.6193329416121344j),(0.00882823747070462+0.009412825761566495j),0.12959837913513184,0.1307392120361328,0.5427060127258301
353,353,(0.9999999999999997+0j),10000,10000,1,10000,0.06544208526611328,(0.6633404958399512+0.6878701891838993j),(-3.0212834340135636e-08-2.5157651302945672e-08j),0.999982088713526,0.05549478530883789,0.8345526090369935,0.834582505661938,,,196092,6093592,,,,,,,0.1468520164489746,0.09279274940490723,0.002125978469848633,,,,,-88.68408215408174,-88.6848262685299,-0.005272375366947566,,,0.29820942878723145,0.06577157974243164,50,0.9959028590728387,(0.6633404958399512+0.6878701891838993j),(0.009698045544889615+0.008524262875725086j),0.1324141025543213,0.13358068466186523,0.5836551189422607
354,354,(1.0000000000000002+0j),10000,10000,1,10000,0.06246519088745117,(0.49601183445211505+0.8168963016330206j),(-5.662421667905238e-09-2.400791598284587e-08j),0.9999818596063733,0.05265998840332031,0.8348421670007403,0.8348724565559854,,,195692,6097120,,,,,,,0.14324307441711426,0.09160518646240234,0.0020203590393066406,,,,,-88.68244563309221,-88.68376601576223,0.015217169278460308,,,0.29041028022766113,0.06455326080322266,50,0.9958903616507881,(0.49601183445211505+0.8168963016330206j),(0.009411459360936125+0.008690240774231205j),0.12709856033325195,0.12819647789001465,0.5472829341888428
355,355,(1.0000000000000007+0j),10000,10000,1,10000,0.06242513656616211,(0.4788117874598444+0.8275236132379867j),(-2.857488220563105e-08-2.22950542630605e-08j),0.9999820466841041,0.054685354232788086,0.8361222386477912,0.8361522617896674,,,198350,6110676,,,,,,,0.1715536117553711,0.09123110771179199,0.002040386199951172,,,,,-88.68208581197376,-88.68308507337636,0.016788066578507947,,,0.3205115795135498,0.06362271308898926,50,0.9958827404364168,(0.4788117874598444+0.8275236132379867j),(0.0093634916174227+0.008591673598690902j),0.13083696365356445,0.13196754455566406,0.5801947116851807
356,356,(1.0000000000000002+0j),10000,10000,1,10000,0.06505942344665527,(0.597771613923968+0.7467135462237122j),(5.411457942207625e-08-6.364043744995191e-08j),0.9999821415997047,0.05195808410644531,0.8376704128332743,0.837700332541845,,,195681,6098172,,,,,,,0.12897062301635742,0.09148764610290527,0.0020444393157958984,,,,,-88.6848809568873,-88.68405127658616,0.0027462158484102437,,,0.27536535263061523,0.06302213668823242,50,0.9958716385427042,(0.597771613923968+0.7467135462237122j),(0.00741245153861117+0.010740296331654207j),0.13226985931396484,0.13342714309692383,0.5483393669128418
357,357,(0.9999999999999999+0j),10000,10000,1,10000,0.06639862060546875,(0.7229022722086769+0.6250786438479374j),(-2.4983484455947815e-08+1.5476168129862657e-08j),0.9999815520535694,0.05172586441040039,0.8347580489382672,0.8347888489340982,,,197046,6107304,,,,,,,0.1527409553527832,0.09741687774658203,0.0022325515747070312,,,,,-88.68342253943936,-88.68433880874883,-0.014277358367326635,,,0.305072546005249,0.058792829513549805,50,0.9957201767592889,(0.7229022722086769+0.6250786438479374j),(0.007225067696807267+0.010817658803449185j),0.132706880569458,0.13386249542236328,0.5659074783325195
358,358,(0.9999999999999998+0j),10000,10000,1,10000,0.06604456901550293,(0.7100743657688999+0.6385121849033748j),(1.3821581829214875e-08-1.166492887415864e-08j),0.9999811154468822,0.05318117141723633,0.8322006374794569,0.8322320698441193,,,194544,6084336,,,,,,,0.15651965141296387,0.09199166297912598,0.002019643783569336,,,,,-88.6840880636414,-88.6856116885121,-0.012437695838777482,,,0.3047041893005371,0.06270289421081543,50,0.9955555750473877,(0.7100743657688999+0.6385121849033748j),(0.006701564403650347+0.011043117881913169j),0.13106369972229004,0.1321568489074707,0.5674083232879639
359,359,(0.9999999999999994+0j),10000,10000,1,10000,0.06288385391235352,(0.5889338475876915+0.751205877373558j),(-2.2727338485088335e-08-5.5261768667261126e-09j),0.9999809959158827,0.05201148986816406,0.83083521244408,0.8308667918688142,,,196956,6099956,,,,,,,0.16748714447021484,0.09926366806030273,0.002242565155029297,,,,,-88.68578347903228,-88.68702219988631,0.004272955265551855,,,0.3220784664154053,0.07011103630065918,50,0.9954195050850738,(0.5889338475876915+0.751205877373558j),(-0.008237902249681232-0.009907655649540752j),0.1440868377685547,0.14536404609680176,0.612060546875
360,360,(0.9999999999999999+0j),10000,10000,1,10000,0.07225799560546875,(0.6079030763739325+0.7360069855583543j),(4.0466444951245015e-08-9.643362420965954e-08j),0.9999808651333555,0.057198524475097656,0.8309988784641731,0.8310306814824323,,,196353,6104862,,,,,,,0.14528226852416992,0.09452033042907715,0.0021789073944091797,,,,,-88.68627911130316,-88.68719239270499,0.003944160543006641,,,0.30010247230529785,0.06792187690734863,50,0.9953686459121576,(0.6079030763739325+0.7360069855583543j),(0.0026983963360436743+0.013103469449339137j),0.14111638069152832,0.14235520362854004,0.5936377048492432
361,361,(1.0000000000000004+0j),10000,10000,1,10000,0.07008028030395508,(0.6894825492520857+0.6603345638053312j),(-3.415655538730725e-08+3.99402475495088e-09j),0.9999808340210905,0.05676698684692383,0.8312983449109714,0.8313302111201814,,,196329,6100944,,,,,,,0.1393892765045166,0.09149885177612305,0.0018315315246582031,,,,,-88.6862496244647,-88.68706553567893,-0.0077124918257854575,,,0.29028749465942383,0.06336665153503418,50,0.9953411041270711,(0.6894825492520857+0.6603345638053312j),(0.0034804989367806668+0.012881747705492216j),0.13293862342834473,0.13404059410095215,0.559354305267334
362,362,(0.9999999999999994+0j),10000,10000,1,10000,0.062241315841674805,(0.5947355742593896+0.7469041060765167j),(7.721707139741788e-08-7.173315812412776e-08j),0.9999807503074349,0.05110931396484375,0.8315474882360444,0.8315795032274634,,,195377,6097350,,,,,,,0.15932250022888184,0.09489011764526367,0.00202178955078125,,,,,-88.68711912285467,-88.68751462560033,0.0014141270018729647,,,0.30827808380126953,0.06345629692077637,50,0.9953026014085251,(0.5947355742593896+0.7469041060765167j),(0.0013646122473641976+0.013351819044970188j),0.13245034217834473,0.1335446834564209,0.5787734985351562
363,363,(0.9999999999999996+0j),10000,10000,1,10000,0.06758880615234375,(0.5365057738627526+0.7895339873531221j),(-2.914094781278609e-08+6.394035611984665e-08j),0.9999808300314392,0.05696249008178711,0.8308625717221362,0.8308944278569113,,,198547,6118530,,,,,,,0.15323138236999512,0.08905816078186035,0.0021209716796875,,,,,-88.68701063559392,-88.6878163356086,0.00563843404587091,,,0.3023052215576172,0.06458353996276855,50,0.9952180808797098,(0.5365057738627526+0.7895339873531221j),(-0.008866015930212662-0.010278682809498018j),0.13307714462280273,0.1341702938079834,0.5704033374786377
364,364,(1.0000000000000004+0j),10000,10000,1,10000,0.06228017807006836,(0.6535953578598093+0.6960404502427281j),(5.6003870900271755e-08-2.6762116975840462e-08j),0.9999808811031965,0.05438804626464844,0.8316866411072963,0.8317184438814728,,,198582,6117858,,,,,,,0.14433813095092773,0.08992409706115723,0.0019583702087402344,,,,,-88.68686841774633,-88.68749820278244,-0.008344629203770083,,,0.291517972946167,0.062157392501831055,50,0.9951692994449117,(0.6535953578598093+0.6960404502427281j),(-0.008305419321522728-0.010598044949204603j),0.132429838180542,0.1335294246673584,0.5511298179626465
365,365,(1+0j),10000,10000,1,10000,0.0644233226776123,(0.6580299583389608+0.6924047112578562j),(4.3578020458565595e-09-4.7753153568527995e-08j),0.9999810418988413,0.051078081130981445,0.833081152001471,0.833112740173252,,,197010,6101740,,,,,,,0.13982653617858887,0.09001755714416504,0.0019440650939941406,,,,,-88.68734642946887,-88.68734994385517,-0.007170398269864531,,,0.2837831974029541,0.05247187614440918,50,0.9951449648632796,(0.6580299583389608+0.6924047112578562j),(0.013098066537246591+0.0038963918213704317j),0.13107085227966309,0.1321549415588379,0.5485808849334717
366,366,(1+0j),10000,10000,1,10000,0.06393074989318848,(0.5241533270140409+0.7986900401984611j),(5.150670990208959e-09-8.077830980514401e-08j),0.9999809397042123,0.05257105827331543,0.8334761437799033,0.8335079172919841,,,197166,6108372,,,,,,,0.13918709754943848,0.08960556983947754,0.0018117427825927734,,,,,-88.68700675846561,-88.68706963845277,0.009533738734207957,,,0.2839972972869873,0.06519913673400879,50,0.9950844550124948,(0.5241533270140409+0.7986900401984611j),(-0.008326938055053516-0.010635100427617013j),0.13415169715881348,0.1352534294128418,0.5499708652496338
367,367,(0.9999999999999997+0j),10000,10000,1,10000,0.06148648262023926,(0.5175807078427206+0.8028868009521655j),(6.943830136365071e-08-1.2215000755020551e-08j),0.9999809410116524,0.051203012466430664,0.8332562642616606,0.8332880272125746,,,196585,6104208,,,,,,,0.14345431327819824,0.08979249000549316,0.001989603042602539,,,,,-88.68726529413166,-88.68736895397217,0.008879028079340554,,,0.28740644454956055,0.06117820739746094,50,0.9950299742481001,(0.5175807078427206+0.8028868009521655j),(-0.008625507479265668-0.010546790604005533j),0.13393235206604004,0.135023832321167,0.5466978549957275
368,368,(0.9999999999999999+0j),10000,10000,1,10000,0.07216048240661621,(0.6266762732492908+0.720662009214697j),(-5.313183211006063e-09-2.2633203514998394e-08j),0.99998095870771,0.05545520782470703,0.8324668219608421,0.8324985253545071,,,196849,6107624,,,,,,,0.15835070610046387,0.08977293968200684,0.0020623207092285156,,,,,-88.68772980634989,-88.68804571135617,-0.0075162638898534275,,,0.3065826892852783,0.06149411201477051,50,0.9949790802703831,(0.6266762732492908+0.720662009214697j),(0.008751796618234097+0.010642661710837028j),0.1327190399169922,0.1339111328125,0.5905592441558838
369,369,(1.0000000000000004+0j),10000,10000,1,10000,0.06351542472839355,(0.5691606206111407+0.7665957306705017j),(4.115370356680639e-08+5.244041619255064e-11j),0.9999811140830381,0.05237293243408203,0.831630702120628,0.8316621152272897,,,198204,6119194,,,,,,,0.1460862159729004,0.08886051177978516,0.0018956661224365234,,,,,-88.68834845984787,-88.68883531964792,-0.0020033743925409395,,,0.29010486602783203,0.06209206581115723,50,0.9949312461995433,(0.5691606206111407+0.7665957306705017j),(-0.009377324670757456-0.009953143464325203j),0.13437771797180176,0.135467529296875,0.5627014636993408
370,370,(1.0000000000000002+0j),10000,10000,1,10000,0.0630190372467041,(0.4690328180480119+0.8316490494821941j),(-7.418124143979047e-08+3.500036409270747e-08j),0.9999811717481759,0.05549764633178711,0.8316631622799106,0.8316944806913186,,,195675,6089038,,,,,,,0.14865779876708984,0.09209871292114258,0.0020084381103515625,,,,,-88.68753818479816,-88.68863083032986,0.011438390216227808,,,0.2991631031036377,0.06360340118408203,50,0.994948981311645,(0.4690328180480119+0.8316490494821941j),(-0.008875991360678182-0.010289622674615244j),0.13181257247924805,0.13411855697631836,0.5616095066070557
371,371,(1.0000000000000004+0j),10000,10000,1,10000,0.0634162425994873,(0.5345467975818374+0.7916686212281093j),(-6.231567609928214e-08+2.9635806317936966e-08j),0.9999819122426444,0.05288386344909668,0.833196153653797,0.8332262957713134,,,197260,6106194,,,,,,,0.14789819717407227,0.09328699111938477,0.002530336380004883,,,,,-88.6886129145846,-88.68887930596901,0.004425629987476923,,,0.2975625991821289,0.06037163734436035,50,0.9950324390350714,(0.5345467975818374+0.7916686212281093j),(-0.008845069702054037-0.010194285527247719j),0.13576769828796387,0.1369004249572754,0.5695767402648926
372,372,(1.0000000000000007+0j),10000,10000,1,10000,0.06501936912536621,(0.6677994061134352+0.6836247308079569j),(-3.4415021996557335e-08+5.325896263366048e-08j),0.9999819599168459,0.05218005180358887,0.8346813549644952,0.834711471221544,,,196490,6100006,,,,,,,0.14226651191711426,0.08761024475097656,0.002011537551879883,,,,,-88.68696377527861,-88.6877155279804,-0.01509566550689892,,,0.28497838973999023,0.05734443664550781,50,0.9950893734254913,(0.6677994061134352+0.6836247308079569j),(0.007309908423138109+0.011271673237070021j),0.1295487880706787,0.13066816329956055,0.539722204208374
373,373,(0.9999999999999999+0j),10000,10000,1,10000,0.06312155723571777,(0.6375458733934631+0.7127785116376817j),(7.205198022397945e-08-2.100202656963337e-08j),0.9999823976708359,0.05139446258544922,0.836895066459569,0.8369245298423743,,,197525,6107994,,,,,,,0.14966535568237305,0.09237313270568848,0.0021588802337646484,,,,,-88.68751432773196,-88.68737405100603,-0.013030833493099877,,,0.2965693473815918,0.0669548511505127,50,0.995162237760447,(0.6375458733934631+0.7127785116376817j),(-0.006581807221615498-0.011682859547522566j),0.13506555557250977,0.13620972633361816,0.5646107196807861
374,374,(1+0j),10000,10000,1,10000,0.0648348331451416,(0.4839828150134337+0.8253192287899924j),(-7.789208749467568e-08+7.076802207914666e-08j),0.9999826554655227,0.05380702018737793,0.8384843583443089,0.8385134453427815,,,197734,6110210,,,,,,,0.1656053066253662,0.10133147239685059,0.0021982192993164062,,,,,-88.6888529177235,-88.68771435888,0.005463360910871674,,,0.32389307022094727,0.07142233848571777,50,0.9952107051986105,(0.4839828150134337+0.8253192287899924j),(0.00706356667870748+0.011320906422956844j),0.14225530624389648,0.14359450340270996,0.615135669708252
375,375,(1.0000000000000007+0j),10000,10000,1,10000,0.06760382652282715,(0.4950235982334566+0.8180492047720106j),(-7.162945397644618e-08+4.938223182651454e-08j),0.9999823534270352,0.060967206954956055,0.8364161134861406,0.8364456340234939,,,196634,6100280,,,,,,,0.1620314121246338,0.09251856803894043,0.002960681915283203,,,,,-88.68896423965207,-88.68883409023354,0.006455367929481078,,,0.319474458694458,0.06133008003234863,50,0.9951184145348039,(0.4950235982334566+0.8180492047720106j),(0.007709328067883847+0.011077956244196259j),0.1329953670501709,0.13539433479309082,0.5949671268463135
376,376,(1.0000000000000004+0j),10000,10000,1,10000,0.0632174015045166,(0.6512913011071113+0.6990865782382598j),(5.702151742364576e-08-2.4966757264331977e-08j),0.9999820734173095,0.053487300872802734,0.8339647616825091,0.8339946627630659,,,198159,6114920,,,,,,,0.14873385429382324,0.0877528190612793,0.001878499984741211,,,,,-88.6881901221338,-88.68966245448546,-0.011614490830791711,,,0.29276061058044434,0.06223249435424805,50,0.9950025219407337,(0.6512913011071113+0.6990865782382598j),(0.008440756110742485+0.01076451728507893j),0.1322312355041504,0.133375883102417,0.5533063411712646
377,377,(0.9999999999999996+0j),10000,10000,1,10000,0.062276363372802734,(0.6392562882106653+0.7102328264830217j),(1.2440519842259463e-08+2.6963688697821095e-08j),0.999982111294849,0.05082416534423828,0.8342840084585761,0.8343138577808016,,,198828,6122480,,,,,,,0.14522695541381836,0.08713388442993164,0.002104043960571289,,,,,-88.68864005288712,-88.68999104050282,-0.009449064827070407,,,0.2861979007720947,0.059751272201538086,50,0.9949885091684812,(0.6392562882106653+0.7102328264830217j),(0.008136263489290635+0.01092159803147292j),0.1328291893005371,0.13397812843322754,0.5440783500671387
378,378,(1+0j),10000,10000,1,10000,0.06516432762145996,(0.4671453298857103+0.83456906136999j),(4.676608625862096e-08+2.8641652247493884e-09j),0.9999823805611311,0.05872297286987305,0.8372800858110648,0.837309591401447,,,197170,6100308,,,,,,,0.163071870803833,0.08843755722045898,0.003168821334838867,,,,,-88.68845628928403,-88.68885625334919,0.011066052413050467,,,0.31435322761535645,0.06066393852233887,50,0.9950938961243446,(0.4671453298857103+0.83456906136999j),(-0.0077792696729619025-0.011058923152883765j),0.1330552101135254,0.13552498817443848,0.5774359703063965
379,379,(1+0j),10000,10000,1,10000,0.06244945526123047,(0.4421522014006724+0.8490953893091272j),(9.022412762644254e-08-6.032045609135053e-08j),0.9999827341411769,0.05435585975646973,0.8404314810915853,0.8404605033858313,,,198284,6114616,,,,,,,0.14773011207580566,0.09044861793518066,0.0020287036895751953,,,,,-88.68810517482382,-88.68754112987057,0.012992828517400348,,,0.29542040824890137,0.061231374740600586,50,0.9952106983044273,(0.4421522014006724+0.8490953893091272j),(0.0076399014863957025+0.010930065741185614j),0.13283920288085938,0.1339702606201172,0.5549037456512451
380,380,(0.9999999999999999+0j),10000,10000,1,10000,0.06515264511108398,(0.5810069701764591+0.7614572959542952j),(8.858985006946385e-08-5.5223965508891595e-08j),0.9999830832297701,0.051351308822631836,0.8421204357888853,0.8421489284277246,,,196066,6101200,,,,,,,0.15752553939819336,0.09059929847717285,0.0021686553955078125,,,,,-88.68955535119537,-88.68765998452722,-0.0027554898131666064,,,0.30263471603393555,0.0638880729675293,50,0.9952792696296868,(0.5810069701764591+0.7614572959542952j),(0.0070055986181894615+0.01132032668556035j),0.13123798370361328,0.13240599632263184,0.575441837310791
381,381,(0.9999999999999998+0j),10000,10000,1,10000,0.06313323974609375,(0.6696701243759422+0.6831303917814426j),(-7.268539651093816e-08-2.146973503683771e-08j),0.9999827352105475,0.05276203155517578,0.8380121926043059,0.8380411295618172,,,197803,6114140,,,,,,,0.13772273063659668,0.08721661567687988,0.0019385814666748047,,,,,-88.68844404360279,-88.68866442826089,-0.012219019980262957,,,0.2805135250091553,0.06016802787780762,50,0.9951373839697564,(0.6696701243759422+0.6831303917814426j),(-0.009298652652621149-0.009574844963764869j),0.13150882720947266,0.13258743286132812,0.5381591320037842
382,382,(1.0000000000000002+0j),10000,10000,1,10000,0.06326651573181152,(0.6168073216365171+0.7298574261118363j),(5.144929524427184e-09-2.8956403112353323e-08j),0.9999824709229872,0.05443859100341797,0.8344212458740012,0.8344504999117535,,,197230,6106770,,,,,,,0.18232297897338867,0.0980534553527832,0.0020842552185058594,,,,,-88.68970167256239,-88.69073892838027,-0.0038261052096124903,,,0.3378779888153076,0.06627130508422852,50,0.9950097428078097,(0.6168073216365171+0.7298574261118363j),(0.00802539023070398+0.010792943137016049j),0.13372230529785156,0.13489055633544922,0.6130654811859131
383,383,(0.9999999999999997+0j),10000,10000,1,10000,0.07359576225280762,(0.40899909232967696+0.8638867476868501j),(-1.8882446762361648e-08-6.339215489608549e-08j),0.9999826761776065,0.057486534118652344,0.8352143918417921,0.8352433308053598,,,196849,6105150,,,,,,,0.13860011100769043,0.0865931510925293,0.001889944076538086,,,,,-88.68693372268386,-88.68897015265613,0.017971358930020012,,,0.2855072021484375,0.06316900253295898,50,0.9950445163302438,(0.40899909232967696+0.8638867476868501j),(0.008176920208567324+0.01069090110451919j),0.13211417198181152,0.13322830200195312,0.5573282241821289
384,384,(0.9999999999999994+0j),10000,10000,1,10000,0.06475162506103516,(0.36977049455254507+0.8823241669980048j),(2.3682473494241344e-08-1.5064380630400506e-08j),0.9999831993792808,0.059914588928222656,0.8382017073132437,0.8382298726409756,,,200336,6131184,,,,,,,0.15395092964172363,0.09224963188171387,0.0022687911987304688,,,,,-88.68628063157139,-88.68750184783758,0.019758571368079552,,,0.3093128204345703,0.06402397155761719,50,0.9951501386273398,(0.36977049455254507+0.8823241669980048j),(0.0040440492068011015+0.012634863808157318j),0.13227105140686035,0.13460874557495117,0.574488639831543
385,385,(1.0000000000000002+0j),10000,10000,1,10000,0.0641469955444336,(0.5117551224792792+0.8096161439194378j),(-8.783149377999073e-08+3.207968068440103e-08j),0.9999836534623296,0.05493783950805664,0.8421050580770659,0.8421325897562438,,,196742,6100598,,,,,,,0.15099692344665527,0.09162425994873047,0.002517223358154297,,,,,-88.68979330158089,-88.68783471026426,0.0032475809601029866,,,0.300980806350708,0.06328392028808594,50,0.9952874669722106,(0.5117551224792792+0.8096161439194378j),(0.003919164730406782+0.0124013690465942j),0.13434123992919922,0.1354665756225586,0.5753836631774902
386,386,(1.0000000000000002+0j),10000,10000,1,10000,0.0630958080291748,(0.7113715109676565+0.6405720365089332j),(-4.4310854048800776e-08-2.556255321501739e-09j),0.9999833518494403,0.0566251277923584,0.8402999994282838,0.8403279790088056,,,195715,6097388,,,,,,,0.1523432731628418,0.0915679931640625,0.0023086071014404297,,,,,-88.68653683356236,-88.68680987923473,-0.019623929902175492,,,0.30377697944641113,0.061011552810668945,50,0.9952298098495194,(0.7113715109676565+0.6405720365089332j),(0.004755689759808539+0.012130195389602102j),0.1332712173461914,0.13441705703735352,0.564136266708374
387,387,(0.9999999999999998+0j),10000,10000,1,10000,0.06248784065246582,(0.7375058402823966+0.6096688520944966j),(-9.642817327015743e-08-3.597497439002265e-08j),0.999983367897438,0.05317187309265137,0.83889526542842,0.8389231713088047,,,198136,6116444,,,,,,,0.14694666862487793,0.08918952941894531,0.0020294189453125,,,,,-88.68601065543535,-88.68718211897449,-0.02101608842025537,,,0.29233574867248535,0.05995488166809082,50,0.9951824263681395,(0.7375058402823966+0.6096688520944966j),(0.005154819669551528+0.011969017972296896j),0.13401484489440918,0.13514208793640137,0.5516393184661865
388,388,(0.9999999999999999+0j),10000,10000,1,10000,0.06264233589172363,(0.6201206772987405+0.7286928308363401j),(3.376449174813249e-08+1.2585798436630679e-08j),0.9999834341202453,0.0555567741394043,0.8387696659343025,0.8387974565397203,,,198253,6110512,,,,,,,0.1464838981628418,0.09218335151672363,0.0020275115966796875,,,,,-88.68994510118883,-88.68936459065144,-0.0033758888420457505,,,0.29712891578674316,0.06646895408630371,50,0.995177119788015,(0.6201206772987405+0.7286928308363401j),(0.004943755741737197+0.012003992208359902j),0.13449883460998535,0.13670945167541504,0.5823659896850586
389,389,(1.0000000000000002+0j),10000,10000,1,10000,0.0652921199798584,(0.328610161253093+0.8978804819479334j),(-4.699240670238784e-08-5.443384431970807e-08j),0.9999832103628707,0.05494236946105957,0.8362794291917947,0.8363075115553416,,,197280,6098944,,,,,,,0.15076041221618652,0.09375262260437012,0.002093791961669922,,,,,-88.68486176341264,-88.68764881824967,0.02417939090571804,,,0.30240535736083984,0.06423354148864746,50,0.9950878799110456,(0.328610161253093+0.8978804819479334j),(0.003494949990756543+0.012602251781285106j),0.13428139686584473,0.1354224681854248,0.5692987442016602
390,390,(1.0000000000000004+0j),10000,10000,1,10000,0.06371068954467773,(0.21400126537621708+0.9318999815558312j),(4.172756423955387e-08+1.0465910942029207e-07j),0.999983341897778,0.05266141891479492,0.8363868861815483,0.8364147521143309,,,196727,6097754,,,,,,,0.1457822322845459,0.09424161911010742,0.0022056102752685547,,,,,-88.6812281039336,-88.68582717546107,0.030823679592592492,,,0.29582905769348145,0.05899691581726074,50,0.9950846282349662,(0.21400126537621708+0.9318999815558312j),(0.007277333522264829+0.010852697220646038j),0.13535571098327637,0.13649606704711914,0.5568342208862305
391,391,(0.9999999999999998+0j),10000,10000,1,10000,0.06197619438171387,(0.29036564391872893+0.9118952895248102j),(-1.2451571923726456e-07+7.297486088587102e-08j),0.9999836631159478,0.05445981025695801,0.8393505372078695,0.8393779626247477,,,197040,6101606,,,,,,,0.16451406478881836,0.08129739761352539,0.0022094249725341797,,,,,-88.68609838785562,-88.68731855201054,0.020094565182564732,,,0.3033430576324463,0.06322789192199707,50,0.9951849185172836,(0.29036564391872893+0.9118952895248102j),(0.0021020806745602775+0.012667147711277648j),0.13641691207885742,0.13768672943115234,0.5681755542755127
392,392,(1.0000000000000007+0j),10000,10000,1,10000,0.06700539588928223,(0.5434118563534898+0.7890565269876271j),(-1.1014887924378616e-08+3.06608346462057e-08j),0.9999843219356623,0.04936647415161133,0.843067915696005,0.8430943516637475,,,198345,6113944,,,,,,,0.14723944664001465,0.08732271194458008,0.0022401809692382812,,,,,-88.68962161889225,-88.68756909645947,-0.006514501793059243,,,0.2870481014251709,0.05688309669494629,50,0.995324112278797,(0.5434118563534898+0.7890565269876271j),(0.002580350109997641+0.012337433287373878j),0.12596678733825684,0.12708163261413574,0.5396773815155029
393,393,(1+0j),10000,10000,1,10000,0.06232142448425293,(0.7066873443917804+0.6465804336900481j),(-3.037434004606079e-08-1.3509239134707195e-09j),0.9999842348250237,0.05280590057373047,0.8422771145770509,0.8423036724972642,,,197463,6104126,,,,,,,0.1665966510772705,0.09826159477233887,0.001992940902709961,,,,,-88.68645493077521,-88.68615921210574,-0.020048716672009692,,,0.32054972648620605,0.05727553367614746,50,0.9953069586599836,(0.7066873443917804+0.6465804336900481j),(-0.007221962459577498-0.010333921236980095j),0.13231492042541504,0.1334683895111084,0.5755622386932373
394,394,(1.0000000000000002+0j),10000,10000,1,10000,0.06548380851745605,(0.7134877299102789+0.6385849922773721j),(2.6012594796259125e-08-3.465880760305534e-08j),0.999984393671751,0.05598616600036621,0.841151577761758,0.8411778329516367,,,199919,6126674,,,,,,,0.1358499526977539,0.08886265754699707,0.0018191337585449219,,,,,-88.68810036435347,-88.68763081458403,-0.014259356346915294,,,0.2833836078643799,0.05979132652282715,50,0.9952782264594096,(0.7134877299102789+0.6385849922773721j),(-0.007575158036216859-0.01025573868077738j),0.12818431854248047,0.1293635368347168,0.5397632122039795
395,395,(0.9999999999999994+0j),10000,10000,1,10000,0.06559157371520996,(0.5706602605987808+0.7682694758509582j),(-4.30576086844289e-08+2.0502460916377333e-08j),0.999984342388758,0.054613590240478516,0.8393952904065586,0.839421576874203,,,200517,6135544,,,,,,,0.15546226501464844,0.0907447338104248,0.0023643970489501953,,,,,-88.68962667085349,-88.68910330541237,0.007401996602453725,,,0.30416440963745117,0.06056857109069824,50,0.9952238686140065,(0.5706602605987808+0.7682694758509582j),(-0.006585214629148798-0.011028326488204013j),0.13491368293762207,0.13599634170532227,0.5680460929870605
396,396,(0.9999999999999998+0j),10000,10000,1,10000,0.060611724853515625,(0.46249016863093334+0.8368822485050119j),(-7.592839582681884e-10+7.868381163588323e-08j),0.9999839826923517,0.05202627182006836,0.8364459999524428,0.836472795822062,,,197564,6097524,,,,,,,0.14664936065673828,0.08938026428222656,0.002221345901489258,,,,,-88.68898927300233,-88.6898366151648,0.012776090396778215,,,0.29118800163269043,0.06629705429077148,50,0.9951354823108483,(0.46249016863093334+0.8368822485050119j),(-0.005443593187643579-0.01182689923321178j),0.13462471961975098,0.13690829277038574,0.5566146373748779
397,397,(1.0000000000000002+0j),10000,10000,1,10000,0.06297612190246582,(0.4983579878066746+0.8155800060052094j),(-7.2803568736408e-08+6.279134619677189e-09j),0.999983900696799,0.05086469650268555,0.835106573631833,0.8351334635490628,,,195476,6091230,,,,,,,0.14157366752624512,0.09007000923156738,0.0021696090698242188,,,,,-88.69037387855485,-88.69118356682966,-0.000896394706415109,,,0.28560924530029297,0.06081128120422363,50,0.9950935536124992,(0.4983579878066746+0.8155800060052094j),(0.010877163847378671+0.00726526512523875j),0.13497543334960938,0.13607287406921387,0.560985803604126
398,398,(1+0j),10000,10000,1,10000,0.06296586990356445,(0.5750621466881316+0.7641486985265206j),(1.6932646780748476e-08-1.424239032013508e-07j),0.9999844535892294,0.051708221435546875,0.8370798547336066,0.8371058825151024,,,197705,6111182,,,,,,,0.13683295249938965,0.08693218231201172,0.0019011497497558594,,,,,-88.68987762671709,-88.69012589293875,-0.008384364781535899,,,0.2782609462738037,0.059532880783081055,50,0.9951380024805287,(0.5750621466881316+0.7641486985265206j),(-0.006750974313510566-0.011125078249714843j),0.13234472274780273,0.13347887992858887,0.5359299182891846
399,399,(1.0000000000000002+0j),10000,10000,1,10000,0.06372785568237305,(0.5437359081143751+0.7875071050943278j),(-8.646237998667882e-09+7.595110693752696e-08j),0.999984830388443,0.055786848068237305,0.8392552669518784,0.8392807298840645,,,198935,6111594,,,,,,,0.14465928077697754,0.09193205833435059,0.0018684864044189453,,,,,-88.69046397240356,-88.68957625305163,0.0020018263205677437,,,0.29505133628845215,0.06413459777832031,50,0.9951883031280837,(0.5437359081143751+0.7875071050943278j),(0.010627202785068263+0.007463794971701875j),0.13445758819580078,0.1355276107788086,0.574225664138794
400,400,(1.0000000000000002+0j),10000,10000,1,10000,0.06139779090881348,(0.5750573852604016+0.7639046053962072j),(-1.2510483852874632e-07-3.5359002242890348e-09j),0.9999846581058611,0.053611040115356445,0.8363954106498835,0.8364210750201889,,,200688,6133222,,,,,,,0.13990092277526855,0.0891427993774414,0.001829385757446289,,,,,-88.69054564223481,-88.69071542960108,-0.0007643755592707847,,,0.2854015827178955,0.0592496395111084,50,0.9950556150596412,(0.5750573852604016+0.7639046053962072j),(0.00828411213801777+0.010225796354138193j),0.13501739501953125,0.1360931396484375,0.5531890392303467
401,401,(0.9999999999999998+0j),10000,10000,1,10000,0.06466865539550781,(0.48831106390773976+0.8213337219983837j),(-1.1053678988600073e-08-1.4204064016637929e-08j),0.9999846311972924,0.053902387619018555,0.834214165296926,0.8342398076339073,,,200937,6136476,,,,,,,0.14396142959594727,0.08738064765930176,0.001957416534423828,,,,,-88.69051286082659,-88.69148402325318,0.0029300022128295185,,,0.28815793991088867,0.06432676315307617,50,0.9949396804801929,(0.48831106390773976+0.8213337219983837j),(0.007185430264895569+0.011162790952992937j),0.1351454257965088,0.13623476028442383,0.5567281246185303
402,402,(0.9999999999999993+0j),10000,10000,1,10000,0.06331896781921387,(0.48989021888116707+0.8208183495217529j),(-2.8614490344490417e-09-4.910843932719924e-08j),0.9999847402162755,0.05079317092895508,0.8354832828801241,0.8355087820521948,,,200913,6131366,,,,,,,0.1511549949645996,0.08913755416870117,0.0019845962524414062,,,,,-88.69065278818681,-88.69102890944637,0.001041658076008295,,,0.293933629989624,0.06360960006713867,50,0.9949441923060591,(0.48989021888116707+0.8208183495217529j),(0.007950890132788782+0.010619597449314205j),0.14164185523986816,0.14287185668945312,0.5744192600250244
403,403,(1.0000000000000004+0j),10000,10000,1,10000,0.06833982467651367,(0.608840777260497+0.7379017731138237j),(2.7246327625209e-09+7.524097359753333e-08j),0.9999854320091208,0.05530953407287598,0.8381150997810006,0.8381395196208798,,,202614,6148292,,,,,,,0.14418649673461914,0.0904388427734375,0.002226591110229492,,,,,-88.69034015310655,-88.68984201083539,-0.00544079614886389,,,0.293137788772583,0.05983090400695801,50,0.995004828531138,(0.608840777260497+0.7379017731138237j),(0.007828482742053777+0.01064799190255518j),0.13196849822998047,0.13305187225341797,0.5559287071228027
404,404,(0.9999999999999996+0j),10000,10000,1,10000,0.06120729446411133,(0.6092594154217458+0.7378256161065707j),(1.6229813161219781e-07+7.607788471787391e-08j),0.9999856142646877,0.051348209381103516,0.8388337238081351,0.8388578588087766,,,205034,6160952,,,,,,,0.14668965339660645,0.08971309661865234,0.0020356178283691406,,,,,-88.69061683095748,-88.68980634922252,-0.0015722712786944595,,,0.29075074195861816,0.06582808494567871,50,0.9950083686355227,(0.6092594154217458+0.7378256161065707j),(0.008778346906520863+0.009830655384388418j),0.14170527458190918,0.14284753799438477,0.5622732639312744
405,405,(0.9999999999999998+0j),10000,10000,1,10000,0.06227612495422363,(0.5164225435226909+0.8047288015640862j),(7.296227187766466e-08-2.9469893010780987e-08j),0.9999855127207553,0.055382728576660156,0.8364621173497092,0.8364863539969358,,,202333,6139762,,,,,,,0.14839553833007812,0.09157586097717285,0.002157926559448242,,,,,-88.69054645041741,-88.69069706486081,0.004725787100177551,,,0.2983834743499756,0.06234931945800781,50,0.994919191679349,(0.5164225435226909+0.8047288015640862j),(0.008176350214909959+0.010650951864325534j),0.12766218185424805,0.12878918647766113,0.5533981323242188
406,406,(0.9999999999999999+0j),10000,10000,1,10000,0.06284356117248535,(0.5179617301137655+0.8030064255849563j),(4.295826795419765e-08-3.1891009974299626e-09j),0.9999856386394387,0.05475139617919922,0.8343245422482142,0.8343485068356118,,,203706,6145252,,,,,,,0.14623117446899414,0.09029531478881836,0.0023071765899658203,,,,,-88.69069969263327,-88.69172043357835,-0.0017741650979844722,,,0.2944619655609131,0.06407284736633301,50,0.9948444853325134,(0.5179617301137655+0.8030064255849563j),(-0.011183131446636628-0.007409727566397569j),0.12813067436218262,0.12928318977355957,0.5615108013153076
407,407,(0.9999999999999997+0j),10000,10000,1,10000,0.06129884719848633,(0.5461903509624907+0.7846408857308478j),(-4.431485386365514e-08+1.2172293275309961e-08j),0.9999859648389369,0.055176734924316406,0.8359244460161149,0.8359479111785928,,,206333,6177600,,,,,,,0.15115022659301758,0.09159064292907715,0.002112150192260742,,,,,-88.69078319255598,-88.69108324409834,-0.0012880965148251138,,,0.3009450435638428,0.06128811836242676,50,0.9949238930261755,(0.5461903509624907+0.7846408857308478j),(0.006753881596680795+0.011584048753988623j),0.1297144889831543,0.13085055351257324,0.5666184425354004
408,408,(1.0000000000000002+0j),10000,10000,1,10000,0.06349062919616699,(0.5910500033669936+0.7522204997085283j),(1.1609353306509808e-09-2.301901472041047e-08j),0.9999863590788326,0.053058624267578125,0.8380887896646889,0.838111654738761,,,203655,6155816,,,,,,,0.15095043182373047,0.09159350395202637,0.0020253658294677734,,,,,-88.69081859399249,-88.69023243311258,0.0008235712599920539,,,0.29855942726135254,0.05622410774230957,50,0.9950274068567833,(0.5910500033669936+0.7522204997085283j),(0.0028126465045313223+0.012942452356624211j),0.1296861171722412,0.13082218170166016,0.5603597164154053
409,409,(1+0j),10000,10000,1,10000,0.06146860122680664,(0.5834826018506571+0.757665926176482j),(7.365061569842493e-08-8.492985955135379e-09j),0.9999865746371726,0.05103349685668945,0.836880644355145,0.8369031156602597,,,204832,6156924,,,,,,,0.14124155044555664,0.09253859519958496,0.002187490463256836,,,,,-88.69081532421792,-88.69060846220437,-0.0008301328386229698,,,0.28795933723449707,0.060123443603515625,50,0.9950078075880042,(0.5834826018506571+0.757665926176482j),(0.008518700427071174+0.010140878089958259j),0.12758779525756836,0.12881112098693848,0.5400254726409912
410,410,(1+0j),10000,10000,1,10000,0.0627593994140625,(0.47937103880715376+0.8265729197457172j),(-4.280266915146745e-08+4.96740362874677e-08j),0.9999862592812396,0.05248737335205078,0.8341764288308785,0.8341993536707933,,,200012,6120038,,,,,,,0.14731550216674805,0.09229588508605957,0.0019805431365966797,,,,,-88.69085304039015,-88.69175477065163,0.0040418403854940756,,,0.29492998123168945,0.0600125789642334,50,0.9949109453461729,(0.47937103880715376+0.8265729197457172j),(0.008260176600090466+0.010494970743746923j),0.1301729679107666,0.13140296936035156,0.5603206157684326
411,411,(1.0000000000000004+0j),10000,10000,1,10000,0.06482315063476562,(0.511091820415837+0.8072842385286317j),(5.238777787340296e-08+4.171480542718108e-08j),0.999986499586961,0.057088613510131836,0.8340005893119838,0.8340231084728703,,,204883,6157898,,,,,,,0.13680672645568848,0.08704018592834473,0.001871347427368164,,,,,-88.69095893917691,-88.6918777910243,-0.0011435818151413972,,,0.28371763229370117,0.05939149856567383,50,0.9948794337234648,(0.511091820415837+0.8072842385286317j),(0.00872051351757608+0.010084176822738346j),0.12311267852783203,0.12423920631408691,0.542809247970581
412,412,(0.9999999999999993+0j),10000,10000,1,10000,0.06182217597961426,(0.5938582216003978+0.749335081249087j),(2.3122113597513224e-08+6.810329597306663e-08j),0.9999868238484865,0.054297447204589844,0.8362630788945862,0.8362851167882125,,,203522,6153784,,,,,,,0.15030479431152344,0.09033370018005371,0.0020792484283447266,,,,,-88.69091682942252,-88.6908831300367,-0.004797848384345007,,,0.2979252338409424,0.06572699546813965,50,0.9949150506440569,(0.5938582216003978+0.749335081249087j),(0.00998206483365369+0.008582964474068354j),0.1291487216949463,0.13166475296020508,0.5587484836578369
413,413,(1.0000000000000002+0j),10000,10000,1,10000,0.06928229331970215,(0.578679202076346+0.7615708022765056j),(4.080806400567013e-08+1.3391010479935732e-08j),0.9999870520864954,0.05603432655334473,0.8375124715248374,0.8375341600241485,,,203583,6150400,,,,,,,0.14317631721496582,0.09255623817443848,0.0020225048065185547,,,,,-88.69114513150579,-88.69053013114177,0.0024450258585115457,,,0.2947416305541992,0.055843353271484375,50,0.994903753358874,(0.578679202076346+0.7615708022765056j),(0.010098895488498951+0.008229214235991402j),0.12952923774719238,0.13065171241760254,0.5615706443786621
414,414,(1.0000000000000004+0j),10000,10000,1,10000,0.06241774559020996,(0.5471910218734235+0.7838314420986672j),(2.829540175722482e-08-6.673111405318446e-08j),0.9999872297032313,0.05075407028198242,0.8356030491422564,0.8356243913489119,,,207528,6185800,,,,,,,0.14191794395446777,0.09221768379211426,0.0020532608032226562,,,,,-88.69114674385573,-88.69119051947314,0.002726724492708326,,,0.2879035472869873,0.0645747184753418,50,0.9947855580525893,(0.5471910218734235+0.7838314420986672j),(-0.007004849043615851-0.01125267146559004j),0.13689732551574707,0.1381368637084961,0.5638391971588135
415,415,(1.0000000000000007+0j),10000,10000,1,10000,0.06978464126586914,(0.5247865162019641+0.7981290683622901j),(-2.321409778180863e-09-7.758835409046878e-08j),0.9999869654800716,0.05564618110656738,0.8330624511196446,0.8330841686825022,,,207405,6178522,,,,,,,0.14809608459472656,0.09193944931030273,0.0021407604217529297,,,,,-88.69137399021109,-88.69230074302895,-0.001880158081139545,,,0.29870104789733887,0.06287431716918945,50,0.9946401390443237,(0.5247865162019641+0.7981290683622901j),(-0.007922254961802176-0.010882026943000367j),0.1278543472290039,0.12897849082946777,0.571235179901123
416,416,(1.0000000000000004+0j),10000,10000,1,10000,0.06215667724609375,(0.49609329689663867+0.8166527588286938j),(-5.66761350644523e-09-2.708394795904884e-09j),0.9999873219798345,0.054883480072021484,0.8341804954841113,0.8342016474006438,,,209259,6194496,,,,,,,0.1473085880279541,0.09351587295532227,0.0021796226501464844,,,,,-88.6913504175818,-88.69178038013486,0.003551753348355809,,,0.2987232208251953,0.06046795845031738,50,0.9946041916064783,(0.49609329689663867+0.8166527588286938j),(-0.009337536376921871-0.009534905631820464j),0.12826967239379883,0.12940144538879395,0.5523245334625244
417,417,(1.0000000000000002+0j),10000,10000,1,10000,0.0630645751953125,(0.6285626162061896+0.7202796207530632j),(2.0853314360288117e-08+1.255478620654008e-07j),0.9999876186945279,0.05211138725280762,0.83574111486558,0.835761810382013,,,208815,6193498,,,,,,,0.14847850799560547,0.09408044815063477,0.002593517303466797,,,,,-88.69099542406106,-88.6909216300285,-0.007987400874784409,,,0.29816150665283203,0.06089925765991211,50,0.9945659287843738,(0.6285626162061896+0.7202796207530632j),(0.008245164523187893+0.010174937485009737j),0.12810111045837402,0.12923717498779297,0.5529863834381104
418,418,(1.0000000000000002+0j),10000,10000,1,10000,0.06415700912475586,(0.6155933863240467+0.7315825954990829j),(-4.967030486989571e-08+3.6519973278420114e-08j),0.9999875878961632,0.051790714263916016,0.8362353667984262,0.8362561260653336,,,208114,6179914,,,,,,,0.15019679069519043,0.09114813804626465,0.0020911693572998047,,,,,-88.69142913095986,-88.69088983699282,-0.004461217147463304,,,0.2960786819458008,0.06079864501953125,50,0.9944917718432611,(0.6155933863240467+0.7315825954990829j),(0.010933041742088936+0.007651657346446939j),0.12815332412719727,0.12929677963256836,0.5612874031066895
419,419,(1.0000000000000004+0j),10000,10000,1,10000,0.06259441375732422,(0.4709525739912335+0.8314144775835933j),(-8.703065573330477e-09-2.8869458771974257e-08j),0.9999878804121004,0.055289506912231445,0.8341957067410734,0.8342159273250567,,,212177,6217316,,,,,,,0.15121221542358398,0.09182333946228027,0.002290964126586914,,,,,-88.6909677382449,-88.69131412145067,0.009702181946110685,,,0.3014495372772217,0.059537410736083984,50,0.9943227545490904,(0.4709525739912335+0.8314144775835933j),(-0.006415203725203544-0.012046271750226706j),0.12736296653747559,0.12848424911499023,0.5536978244781494
420,420,(0.9999999999999996+0j),10000,10000,1,10000,0.06111741065979004,(0.45253303224689073+0.8409469385743341j),(9.364030058912767e-08-6.012786716211053e-08j),0.9999877967862758,0.050695180892944336,0.8322584146328856,0.8322787274593222,,,212794,6225984,,,,,,,0.13536810874938965,0.09282636642456055,0.0020477771759033203,,,,,-88.69141606907606,-88.69228082624323,0.007488087829536142,,,0.28186631202697754,0.05887746810913086,50,0.9942176071296612,(0.45253303224689073+0.8409469385743341j),(0.00440287395656906+0.013016460851680676j),0.12856197357177734,0.12972474098205566,0.5333020687103271
421,421,(0.9999999999999999+0j),10000,10000,1,10000,0.06292080879211426,(0.5767434100339479+0.7609575847920836j),(-2.9463055131318494e-08-6.703261234277606e-08j),0.999987915425195,0.050865888595581055,0.8317361383763792,0.8317562410959416,,,210118,6206008,,,,,,,0.14512109756469727,0.09156584739685059,0.002014636993408203,,,,,-88.69134996346416,-88.69236712907367,-0.009241930530778873,,,0.29050469398498535,0.061486244201660156,50,0.994167716667664,(0.5767434100339479+0.7609575847920836j),(-0.007988027624491753-0.0111228062257032j),0.12761545181274414,0.12875628471374512,0.545278787612915
422,422,(1.0000000000000002+0j),10000,10000,1,10000,0.06337642669677734,(0.5880780511955916+0.7525560331836262j),(-1.0467404290011154e-10+1.6418703604429616e-07j),0.9999880768574526,0.05156850814819336,0.8326167369527572,0.8326365921239444,,,210985,6213482,,,,,,,0.14906907081604004,0.0912160873413086,0.0020661354064941406,,,,,-88.69152131065542,-88.69205978946414,-0.008749977118108404,,,0.2948949337005615,0.06268453598022461,50,0.994176304258688,(0.5880780511955916+0.7525560331836262j),(-0.007444319110001723-0.011614213441614101j),0.12821412086486816,0.1293480396270752,0.5613436698913574
423,423,(1+0j),10000,10000,1,10000,0.06420493125915527,(0.4986660151733067+0.8149352568038791j),(-3.9614863977001425e-08-9.57142170147032e-08j),0.9999883856044989,0.052781105041503906,0.8337202664549308,0.8337396331061516,,,214525,6237022,,,,,,,0.14872956275939941,0.0924842357635498,0.002314329147338867,,,,,-88.69202440986457,-88.69190464808347,0.005745780291985369,,,0.29726195335388184,0.06290483474731445,50,0.9941878364112726,(0.4986660151733067+0.8149352568038791j),(-0.008158572018173568-0.010919788373418992j),0.12798213958740234,0.12911319732666016,0.5725302696228027
424,424,(0.9999999999999998+0j),10000,10000,1,10000,0.06259012222290039,(0.5534028235059499+0.7786523677832353j),(4.194040477224278e-08+3.865960335015913e-08j),0.9999884027730822,0.05151009559631348,0.8332902513111212,0.8333095793596137,,,210934,6216644,,,,,,,0.13992071151733398,0.0920403003692627,0.0020673274993896484,,,,,-88.69249423688892,-88.69250880415743,-0.000929229453799754,,,0.28642916679382324,0.06383991241455078,50,0.9941216252048959,(0.5534028235059499+0.7786523677832353j),(0.008517842213286423+0.010640666384777599j),0.12787723541259766,0.12902116775512695,0.5530762672424316
425,425,(1.0000000000000002+0j),10000,10000,1,10000,0.06404685974121094,(0.5194502342215542+0.8009260093823786j),(2.387152009698953e-08-5.0387393927652646e-08j),0.9999884099012707,0.05190563201904297,0.8310301917119897,0.8310494554908305,,,215407,6242956,,,,,,,0.14624476432800293,0.09065937995910645,0.002248048782348633,,,,,-88.6927268263857,-88.69381101497503,-0.002070541130395301,,,0.2919645309448242,0.05948829650878906,50,0.9939875905982094,(0.5194502342215542+0.8009260093823786j),(0.006575099954843815+0.011912281342948274j),0.12927675247192383,0.13039493560791016,0.5567336082458496
426,426,(0.9999999999999996+0j),10000,10000,1,10000,0.0670473575592041,(0.4261943235986142+0.854717918391724j),(-1.3224719060906547e-08-5.0739926554332076e-08j),0.999988634264325,0.05531620979309082,0.8326096957580887,0.8326286225242078,,,215167,6238010,,,,,,,0.15490078926086426,0.09119677543640137,0.002168416976928711,,,,,-88.69240822604785,-88.69326336879627,0.007469778303872342,,,0.30449938774108887,0.06023764610290527,50,0.9940249973387804,(0.4261943235986142+0.854717918391724j),(0.007219477628470446+0.011552037753810055j),0.1294417381286621,0.1305711269378662,0.5639641284942627
427,427,(1+0j),10000,10000,1,10000,0.06403064727783203,(0.5033414627679232+0.8125800413929278j),(-5.052563528099828e-08+3.0966983552250725e-08j),0.9999890513470134,0.05484962463378906,0.8352487089241929,0.8352669989211119,,,216150,6246486,,,,,,,0.15774035453796387,0.0929405689239502,0.0024297237396240234,,,,,-88.69293395779293,-88.69260752432568,-0.0001921857345245316,,,0.30896925926208496,0.06343746185302734,50,0.9941019706317435,(0.5033414627679232+0.8125800413929278j),(0.008212768559230924+0.010740368856382281j),0.12999749183654785,0.13117194175720215,0.5788545608520508
428,428,(0.9999999999999993+0j),10000,10000,1,10000,0.06415843963623047,(0.5973263841711431+0.7459820118351822j),(8.065935434020144e-09+3.4857210795789e-10j),0.9999891266962866,0.05384469032287598,0.8346163781812805,0.8346345285520405,,,213958,6237932,,,,,,,0.16062450408935547,0.09235978126525879,0.0021657943725585938,,,,,-88.69262629648358,-88.69282064972714,-0.007551902218050883,,,0.30991625785827637,0.06426763534545898,50,0.9940420545113382,(0.5973263841711431+0.7459820118351822j),(0.012790120256226126+0.004325480351701059j),0.13145661354064941,0.13264012336730957,0.5727272033691406
429,429,(0.9999999999999999+0j),10000,10000,1,10000,0.059966325759887695,(0.5237036729388005+0.7991742852995173j),(8.135285099140316e-09+8.493063956378156e-09j),0.9999893052818186,0.05336737632751465,0.8339997868064174,0.8340176258779594,,,215595,6243512,,,,,,,0.14149689674377441,0.09122562408447266,0.0022020339965820312,,,,,-88.69307460299083,-88.69340605985252,0.003914993448615585,,,0.2891972064971924,0.06086158752441406,50,0.9940146877851878,(0.5237036729388005+0.7991742852995173j),(0.00744789138844631+0.011510205100952083j),0.1286931037902832,0.12985873222351074,0.5509867668151855
430,430,(1.0000000000000007+0j),10000,10000,1,10000,0.07261824607849121,(0.47716249817652623+0.8277268873419614j),(7.775948034432872e-09-3.581263246335415e-08j),0.999989315215573,0.06049013137817383,0.8337689689729066,0.8337867865418624,,,214999,6238828,,,,,,,0.15798044204711914,0.09163069725036621,0.002136707305908203,,,,,-88.69315327333055,-88.69369860550223,0.007018230457031587,,,0.31316685676574707,0.06361746788024902,50,0.9940093459245991,(0.47716249817652623+0.8277268873419614j),(-0.007929897062795985-0.01124881017108852j),0.12883234024047852,0.129990816116333,0.5916914939880371
431,431,(1.0000000000000004+0j),10000,10000,1,10000,0.06433773040771484,(0.551558889239148+0.7804237738023918j),(-2.647867775418153e-08-1.9735992564437206e-08j),0.9999894683374352,0.05282020568847656,0.8346087773341495,0.8346263572479001,,,216735,6253520,,,,,,,0.15930962562561035,0.08923816680908203,0.0025305747985839844,,,,,-88.69341882629446,-88.69371923735768,-0.005533586998401116,,,0.3047974109649658,0.05426788330078125,50,0.9940382789329364,(0.551558889239148+0.7804237738023918j),(-0.007386724922098817-0.011260915595772275j),0.12433910369873047,0.12548184394836426,0.5595815181732178
432,432,(0.9999999999999993+0j),10000,10000,1,10000,0.06596183776855469,(0.5500494513276788+0.7819970722667824j),(4.7893157278339175e-09-6.832050092700329e-08j),0.9999896589366776,0.0501859188079834,0.83605120007214,0.8360684916571608,,,215390,6233786,,,,,,,0.13975858688354492,0.08850955963134766,0.002512693405151367,,,,,-88.69355953672859,-88.69343135254516,-0.003947926308008795,,,0.2817995548248291,0.05726981163024902,50,0.9940753653924419,(0.5500494513276788+0.7819970722667824j),(-0.007230786550895967-0.010996596244370382j),0.12391805648803711,0.12503886222839355,0.5497500896453857
433,433,(1.0000000000000002+0j),10000,10000,1,10000,0.06715703010559082,(0.5205358879115647+0.8021387534180988j),(1.231261624116945e-08+5.811148233660845e-08j),0.9999897387720375,0.052018165588378906,0.8366133740802685,0.8366305437056359,,,216526,6249378,,,,,,,0.15477895736694336,0.09030771255493164,0.0026793479919433594,,,,,-88.69375368220916,-88.69352007758744,0.004702302073620935,,,0.3007633686065674,0.05717873573303223,50,0.9940848226281511,(0.5205358879115647+0.8021387534180988j),(-0.00882411509365217-0.009600466846926696j),0.12370610237121582,0.12481522560119629,0.5606174468994141
434,434,(1+0j),10000,10000,1,10000,0.06477522850036621,(0.6330780246486195+0.716277880956774j),(9.211143890495171e-08+2.2837216064999635e-08j),0.9999896819677523,0.048966169357299805,0.8356275535438813,0.8356447978748615,,,215889,6240738,,,,,,,0.13817238807678223,0.08403444290161133,0.0024573802947998047,,,,,-88.69354502042832,-88.69399529495195,-0.00736929256355659,,,0.2744417190551758,0.06182098388671875,50,0.9940398374340129,(0.6330780246486195+0.716277880956774j),(-0.007822788604271517-0.010590434051162546j),0.13048887252807617,0.1316065788269043,0.534404993057251
435,435,(0.9999999999999999+0j),10000,10000,1,10000,0.06451773643493652,(0.5630309637459505+0.772577654989429j),(8.454525971681272e-08-9.467029352047818e-09j),0.9999897562736911,0.05697035789489746,0.8356968587289302,0.8357139802918084,,,216840,6248868,,,,,,,0.1561441421508789,0.08948874473571777,0.0025484561920166016,,,,,-88.6939947669018,-88.69428441500534,0.0011635216344913228,,,0.3060152530670166,0.0645895004272461,50,0.9940436050163084,(0.5630309637459505+0.772577654989429j),(-0.007691487878956411-0.010969172522022076j),0.12451028823852539,0.12560677528381348,0.5716214179992676
436,436,(1.0000000000000007+0j),10000,10000,1,10000,0.06248617172241211,(0.4765017279258833+0.8290090760035822j),(-1.0907226127035896e-08+2.0163838733754813e-08j),0.9999898106114486,0.05107402801513672,0.8364791771904456,0.8364962238736912,,,216755,6246772,,,,,,,0.14108514785766602,0.0875556468963623,0.002451658248901367,,,,,-88.69370412011865,-88.69391762163676,0.00788532345146281,,,0.2830464839935303,0.059893131256103516,50,0.9940876951479358,(0.4765017279258833+0.8290090760035822j),(-0.007737410023820371-0.011093894801246253j),0.1228630542755127,0.12399172782897949,0.53128981590271
437,437,(0.9999999999999999+0j),10000,10000,1,10000,0.06336331367492676,(0.5605308606164071+0.7749965013224769j),(-2.1739816086387073e-08-6.739268147747346e-08j),0.9999900313345575,0.05394935607910156,0.8373982031405656,0.8374148988752749,,,216850,6256882,,,,,,,0.15314126014709473,0.0928044319152832,0.002538442611694336,,,,,-88.69396793096766,-88.69369107653401,-0.00423355591584878,,,0.3034093379974365,0.05978727340698242,50,0.994139975468562,(0.5605308606164071+0.7749965013224769j),(-0.0073315545247905805-0.011260336092372855j),0.12418317794799805,0.12529563903808594,0.5537052154541016
438,438,(0.9999999999999994+0j),10000,10000,1,10000,0.0654911994934082,(0.6081428328895432+0.7380431730657383j),(-9.311723243367803e-09-4.7583186673004314e-08j),0.999990059415773,0.05003476142883301,0.8369104697505809,0.8369271087567132,,,216671,6245486,,,,,,,0.14163899421691895,0.08859896659851074,0.0025396347045898438,,,,,-88.69377632916077,-88.6937695482308,-0.007338280981729974,,,0.2836184501647949,0.05930662155151367,50,0.9941428739479413,(0.6081428328895432+0.7380431730657383j),(0.012131717700311627+0.006251514654873229j),0.12416195869445801,0.12526154518127441,0.535597562789917
439,439,(1+0j),10000,10000,1,10000,0.06667470932006836,(0.5598647794993326+0.7749973767754548j),(1.2571416760018158e-08+1.0299942043411882e-07j),0.9999899383417912,0.05082583427429199,0.8360454290072311,0.8360622532678581,,,216347,6242880,,,,,,,0.15466570854187012,0.09308767318725586,0.0025703907012939453,,,,,-88.69428673689407,-88.69441477435979,0.0031328488295263735,,,0.3021578788757324,0.05930662155151367,50,0.9941180252870456,(0.5598647794993326+0.7749973767754548j),(0.012818482019551174+0.004421074937086326j),0.12310934066772461,0.1242220401763916,0.5632097721099854
440,440,(0.9999999999999998+0j),10000,10000,1,10000,0.06427383422851562,(0.5639636880447354+0.7716703943327418j),(3.48268231619051e-08-1.9398146757533987e-08j),0.9999900600317647,0.0579991340637207,0.8350609489235888,0.8350775501297255,,,218632,6257664,,,,,,,0.1512317657470703,0.08711671829223633,0.0025358200073242188,,,,,-88.69435280781255,-88.69493142611103,0.0010623363328454412,,,0.299832820892334,0.057964324951171875,50,0.994063512636144,(0.5639636880447354+0.7716703943327418j),(0.009330905680866149+0.009558975149003475j),0.12280488014221191,0.12395143508911133,0.5570635795593262
441,441,(1.0000000000000002+0j),10000,10000,1,10000,0.06528306007385254,(0.5600534419798577+0.7748073646548365j),(-2.2114920658136597e-08-5.76052713016126e-09j),0.9999901383411672,0.05170273780822754,0.8358838869787701,0.8359003736260824,,,220791,6274120,,,,,,,0.14765286445617676,0.09015464782714844,0.002720355987548828,,,,,-88.69451827939004,-88.69481957868858,-0.0016599849549695552,,,0.2932305335998535,0.062482357025146484,50,0.9940986177562126,(0.5600534419798577+0.7748073646548365j),(0.009019152388156856+0.00995214651780793j),0.12355971336364746,0.12467384338378906,0.5565445423126221
442,442,(1.0000000000000004+0j),10000,10000,1,10000,0.06530594825744629,(0.5204171989785379+0.8025275653662108j),(-4.239265987801457e-08+1.0435950339015194e-08j),0.9999904292044923,0.05099225044250488,0.837516253383115,0.837532285006859,,,221298,6278176,,,,,,,0.14348220825195312,0.08250236511230469,0.0026535987854003906,,,,,-88.69422177770747,-88.69403291527254,0.006060644214094209,,,0.2804892063140869,0.0599210262298584,50,0.9941600923277283,(0.5204171989785379+0.8025275653662108j),(-0.00878279139327298-0.010294870553075687j),0.11863040924072266,0.11970853805541992,0.5271296501159668
443,443,(0.9999999999999999+0j),10000,10000,1,10000,0.06089973449707031,(0.6422025453265452+0.7088063740177456j),(-5.545307912779698e-08+1.9656154039160332e-08j),0.9999905073533571,0.050313711166381836,0.837416545331747,0.8374324441568448,,,219850,6269250,,,,,,,0.1389002799987793,0.08614754676818848,0.0027008056640625,,,,,-88.69377701555801,-88.69394851434913,-0.008865548275565757,,,0.2790682315826416,0.05965232849121094,50,0.994144579464566,(0.6422025453265452+0.7088063740177456j),(0.009930284460391707+0.00950554698197801j),0.1204366683959961,0.12153100967407227,0.5228924751281738
444,444,(1+0j),10000,10000,1,10000,0.06647968292236328,(0.6378450192932582+0.712693325851555j),(7.974292518390983e-08-2.9090623090467273e-09j),0.9999905460572831,0.06035017967224121,0.8373215329498834,0.8373373651540146,,,220750,6277132,,,,,,,0.15640926361083984,0.08801031112670898,0.002643108367919922,,,,,-88.6938946154019,-88.69411430348296,-0.008720422652365051,,,0.3082742691040039,0.05670666694641113,50,0.9941416502762674,(0.6378450192932582+0.712693325851555j),(0.009816251822109864+0.009351053924314779j),0.12486815452575684,0.1259593963623047,0.5592443943023682
445,445,(1.0000000000000002+0j),10000,10000,1,10000,0.06412029266357422,(0.4906070042198214+0.8210471032704266j),(6.327091358489294e-08-3.8997848806214106e-08j),0.9999907696650825,0.054488420486450195,0.8373879989783523,0.8374034579357623,,,219848,6273114,,,,,,,0.16141057014465332,0.09207534790039062,0.002777576446533203,,,,,-88.69397830356166,-88.69405711123571,0.007937665708152462,,,0.31174468994140625,0.0648643970489502,50,0.9941572171184915,(0.4906070042198214+0.8210471032704266j),(0.008319254118362832+0.010502717948326945j),0.12220025062561035,0.12329435348510742,0.5657923221588135
446,446,(1.0000000000000002+0j),10000,10000,1,10000,0.06324005126953125,(0.45018857187758476+0.843865509708728j),(-1.0829131313412485e-08-6.418617140769705e-08j),0.9999908323028359,0.051978111267089844,0.8373279575444684,0.8373433104938784,,,218427,6256436,,,,,,,0.136552095413208,0.08992886543273926,0.00250244140625,,,,,-88.69378082370638,-88.69394375499876,0.009468647712525285,,,0.2817709445953369,0.05310869216918945,50,0.9941772540771189,(0.45018857187758476+0.843865509708728j),(-0.0059853777152218245-0.011832831145383867j),0.12476158142089844,0.12587308883666992,0.5257854461669922
447,447,(1.0000000000000004+0j),10000,10000,1,10000,0.0632331371307373,(0.5357701878694627+0.792307290889113j),(-2.528911513041571e-08-7.011465794046563e-09j),0.9999909929594794,0.05185055732727051,0.8373710964438996,0.8373861811184944,,,219305,6263836,,,,,,,0.14426493644714355,0.08336687088012695,0.0026884078979492188,,,,,-88.69468652815921,-88.69442011414795,-0.0030667008040952868,,,0.2830793857574463,0.059815168380737305,50,0.9942105775780121,(0.5357701878694627+0.792307290889113j),(-0.005580800760270304-0.01189657209160726j),0.12473368644714355,0.1258392333984375,0.5484039783477783
448,448,(1.0000000000000002+0j),10000,10000,1,10000,0.06417727470397949,(0.5565464354736318+0.7771865156275337j),(1.8661639184606737e-08-3.890657917931635e-08j),0.9999909984258677,0.053276777267456055,0.8354828024784993,0.8354978440023606,,,220306,6272752,,,,,,,0.1503307819366455,0.08854341506958008,0.00263214111328125,,,,,-88.69478332982821,-88.69539665355025,-0.0009578652407036926,,,0.29563117027282715,0.059302330017089844,50,0.9941216791274243,(0.5565464354736318+0.7771865156275337j),(0.008995099645527199+0.00989233891851931j),0.12094473838806152,0.12203621864318848,0.5582213401794434
449,449,(0.9999999999999998+0j),10000,10000,1,10000,0.06276655197143555,(0.5523298647217764+0.7804580320241145j),(-6.959447080136643e-08+1.4762364904735133e-08j),0.9999911576346153,0.05149126052856445,0.8362411313423045,0.8362559202377234,,,221735,6285512,,,,,,,0.14398407936096191,0.08755016326904297,0.002526998519897461,,,,,-88.69488286914509,-88.6953253373036,0.0016377721452299147,,,0.2864713668823242,0.05902242660522461,50,0.9941218727022503,(0.5523298647217764+0.7804580320241145j),(0.00902554504823596+0.009843679570605206j),0.1254291534423828,0.1265249252319336,0.5456206798553467
450,450,(1+0j),10000,10000,1,10000,0.06265425682067871,(0.566337152336705+0.7712775687938341j),(-1.1228195712523881e-08+3.182114383286831e-08j),0.999991375207996,0.05334830284118652,0.8388288541716634,0.8388433238076484,,,222500,6287644,,,,,,,0.14406967163085938,0.08906126022338867,0.0034990310668945312,,,,,-88.69467256274622,-88.69415063159418,-0.005113202750066119,,,0.29086971282958984,0.06277060508728027,50,0.9942199659446151,(0.566337152336705+0.7712775687938341j),(0.008897600909040643+0.009645568439887358j),0.13336586952209473,0.13465380668640137,0.552905797958374
451,451,(1+0j),10000,10000,1,10000,0.07206892967224121,(0.4331184666694265+0.8530722801669433j),(-1.744818523319025e-08-2.6423212926880344e-09j),0.9999914208216066,0.05496931076049805,0.8383150501570078,0.838329434450846,,,220947,6271494,,,,,,,0.13352537155151367,0.08737015724182129,0.0026073455810546875,,,,,-88.69395002438203,-88.69399312847679,0.009772342721521242,,,0.27927589416503906,0.059186458587646484,50,0.9942106760238504,(0.4331184666694265+0.8530722801669433j),(0.007781410937125996+0.010752856100483946j),0.12139487266540527,0.12250566482543945,0.5346853733062744
452,452,(0.9999999999999998+0j),10000,10000,1,10000,0.06342077255249023,(0.450010375042683+0.8441002194768886j),(-3.749864795288506e-08-5.218956784189244e-08j),0.9999914283419942,0.049192190170288086,0.8377548826790638,0.8377692447604183,,,221732,6276572,,,,,,,0.14287352561950684,0.08633208274841309,0.002608776092529297,,,,,-88.69428268741413,-88.69436050466616,0.008595158745308263,,,0.28188443183898926,0.05388498306274414,50,0.9942075265789139,(0.450010375042683+0.8441002194768886j),(0.01096632607042077+0.007483314192042997j),0.1239326000213623,0.12502098083496094,0.5258896350860596
453,453,(1.0000000000000002+0j),10000,10000,1,10000,0.06632757186889648,(0.612902064262308+0.7342455654705663j),(-2.031888525244156e-08+3.552641052737332e-08j),0.9999915065937391,0.05358409881591797,0.8373052770747964,0.8373195004037679,,,219623,6264774,,,,,,,0.1454014778137207,0.08873796463012695,0.002481698989868164,,,,,-88.69416653010326,-88.6943986380645,-0.009484439439222612,,,0.2911193370819092,0.06172633171081543,50,0.9942026676369702,(0.612902064262308+0.7342455654705663j),(0.011756951285168816+0.0061408793910073135j),0.12277054786682129,0.125108003616333,0.5460638999938965
454,454,(0.9999999999999997+0j),10000,10000,1,10000,0.06487822532653809,(0.6260322558475226+0.7231195240745072j),(4.4922718567727215e-08+2.634255059440228e-08j),0.9999916065318063,0.04977130889892578,0.8374053325262986,0.8374193901733344,,,220912,6267712,,,,,,,0.13998174667358398,0.08819866180419922,0.002562284469604492,,,,,-88.69406405927413,-88.69426756326085,-0.009888811157568709,,,0.2814192771911621,0.06084322929382324,50,0.9942133142614671,(0.6260322558475226+0.7231195240745072j),(0.007184208939036949+0.011069938122948495j),0.12360382080078125,0.12469124794006348,0.533653736114502
455,455,(1.0000000000000002+0j),10000,10000,1,10000,0.06332826614379883,(0.5041993113177182+0.8129407736187194j),(5.406121499523213e-09-5.286153287765608e-08j),0.9999918196436076,0.05207204818725586,0.8379019029160605,0.8379156117566503,,,225396,6312330,,,,,,,0.14205098152160645,0.08881187438964844,0.0026655197143554688,,,,,-88.69482944159427,-88.6944132888208,0.00505304831102497,,,0.2864224910736084,0.06068778038024902,50,0.9942371929066036,(0.5041993113177182+0.8129407736187194j),(0.0075224823447899315+0.010856413798648667j),0.12370944023132324,0.12479877471923828,0.5369138717651367
456,456,(0.9999999999999994+0j),10000,10000,1,10000,0.06679177284240723,(0.46189282949785665+0.8373215587045066j),(-2.344464635556983e-08+2.5069452073927963e-08j),0.999991673661218,0.05246329307556152,0.8367404929169601,0.8367544270606239,,,222610,6281378,,,,,,,0.1428675651550293,0.08884382247924805,0.002557992935180664,,,,,-88.69487762997458,-88.69499643033669,0.00510842365958779,,,0.2876567840576172,0.060884714126586914,50,0.9941826629056547,(0.46189282949785665+0.8373215587045066j),(0.007719701455708255+0.010924359755016237j),0.12502813339233398,0.12610793113708496,0.5430953502655029
457,457,(1.0000000000000002+0j),10000,10000,1,10000,0.06425619125366211,(0.5275879403647593+0.7973069888557794j),(-2.7681719194520953e-08+5.8201040524982285e-08j),0.999991709396396,0.050455570220947266,0.8359999635427513,0.8360138256037597,,,222694,6284768,,,,,,,0.14996886253356934,0.09215378761291504,0.002721071243286133,,,,,-88.69488894351137,-88.69547518717283,-0.006484427161076852,,,0.2962830066680908,0.06419062614440918,50,0.9941367190013062,(0.5275879403647593+0.7973069888557794j),(0.008095181150634286+0.010607955321227037j),0.12357974052429199,0.12468123435974121,0.5656440258026123
458,458,(0.9999999999999999+0j),10000,10000,1,10000,0.06351184844970703,(0.4707900185302104+0.8325729407504842j),(2.9372732490084232e-08+3.503394961021262e-08j),0.9999918361062241,0.04734230041503906,0.8374017718460746,0.837415444931739,,,221781,6286960,,,,,,,0.13323664665222168,0.08300924301147461,0.002490520477294922,,,,,-88.69520020117392,-88.69514578854655,0.0025650782474837147,,,0.26700544357299805,0.05795145034790039,50,0.9941669111473734,(0.4707900185302104+0.8325729407504842j),(0.007322952093113455+0.011099329031512855j),0.12146663665771484,0.12255668640136719,0.5268082618713379
459,459,(0.9999999999999999+0j),10000,10000,1,10000,0.0633540153503418,(0.5795120138824364+0.7611130527729878j),(-3.56719691409495e-08-4.9241073629954785e-08j),0.9999919903046519,0.0515134334564209,0.8379601039440822,0.8379735277156553,,,224924,6305738,,,,,,,0.15806078910827637,0.09514164924621582,0.0026395320892333984,,,,,-88.69488966661778,-88.69467275373535,-0.005902589677371925,,,0.30838489532470703,0.06402826309204102,50,0.994175826334736,(0.5795120138824364+0.7611130527729878j),(0.007245783106825203+0.011438624745676789j),0.13283252716064453,0.1339259147644043,0.5714116096496582
460,460,(1+0j),10000,10000,1,10000,0.06578302383422852,(0.5575215468752449+0.7772615807132593j),(3.7762396993929965e-08-3.372637665378945e-08j),0.9999919316118547,0.05307412147521973,0.8376691649708929,0.8376826824144094,,,223361,6294832,,,,,,,0.14376425743103027,0.09298563003540039,0.0032701492309570312,,,,,-88.69518825957864,-88.6948387323872,-0.0015091536633023558,,,0.2940247058868408,0.05973219871520996,50,0.9941632903981918,(0.5575215468752449+0.7772615807132593j),(0.009886482819238504+0.009272820259640716j),0.1266021728515625,0.1277165412902832,0.549025297164917
461,461,(1+0j),10000,10000,1,10000,0.06306934356689453,(0.4389851402070223+0.849202289611657j),(3.2779028090356016e-08+1.5096484996461117e-08j),0.9999919168542404,0.049996137619018555,0.8356479963292797,0.8356615058221945,,,225635,6308200,,,,,,,0.14149785041809082,0.08945727348327637,0.002626180648803711,,,,,-88.69466720027822,-88.69528677572039,0.008297935694421067,,,0.28450751304626465,0.06267714500427246,50,0.9940881875640308,(0.4389851402070223+0.849202289611657j),(0.008632855555795847+0.010469444737530073j),0.13417649269104004,0.1354663372039795,0.5477049350738525
462,462,(1.0000000000000002+0j),10000,10000,1,10000,0.06916594505310059,(0.4618912835805356+0.8368522976443366j),(-3.063745452356702e-08+4.189320851413535e-09j),0.9999919427992127,0.05580854415893555,0.8353085390870004,0.8353219997469208,,,223613,6290166,,,,,,,0.14563322067260742,0.08686232566833496,0.00260162353515625,,,,,-88.69512024244413,-88.69566531812849,0.0025515665832841965,,,0.2918076515197754,0.06241106986999512,50,0.9940736458496716,(0.4618912835805356+0.8368522976443366j),(0.005268582167099746+0.012387446410481768j),0.12594938278198242,0.12705063819885254,0.5521283149719238
463,463,(0.9999999999999998+0j),10000,10000,1,10000,0.06396842002868652,(0.5852648556774969+0.7562744833623991j),(5.501181684413883e-08-2.5439033897332197e-08j),0.9999921450169768,0.052462100982666016,0.8367958476923183,0.8368089938815679,,,225971,6308832,,,,,,,0.14947295188903809,0.09039664268493652,0.0038194656372070312,,,,,-88.6946821497409,-88.69482174843496,-0.008940532403670584,,,0.2970728874206543,0.0613558292388916,50,0.994121911876525,(0.5852648556774969+0.7562744833623991j),(0.005458340775918241+0.012373344104967229j),0.12460136413574219,0.12570905685424805,0.5499002933502197
464,464,(0.9999999999999999+0j),10000,10000,1,10000,0.06364107131958008,(0.5856116038698065+0.7565423200124325j),(2.0938912522797058e-08-6.849342893532243e-08j),0.9999922047001677,0.051328420639038086,0.8382671220039394,0.8382801912438683,,,225338,6310158,,,,,,,0.1433849334716797,0.08800482749938965,0.0025794506072998047,,,,,-88.69522337085137,-88.69462121228322,-0.003157349004828346,,,0.2862081527709961,0.055738210678100586,50,0.9941656624639261,(0.5856116038698065+0.7565423200124325j),(-0.007716673684946007-0.011120746839476444j),0.12571358680725098,0.12681317329406738,0.5485100746154785
465,465,(1+0j),10000,10000,1,10000,0.06450057029724121,(0.4989835441055612+0.8157935403468337j),(-3.771746317637453e-08-4.591204886344369e-08j),0.9999920875566372,0.05302691459655762,0.8368198266070163,0.8368330693431555,,,225816,6303838,,,,,,,0.1502513885498047,0.09311842918395996,0.003405332565307617,,,,,-88.69467855167568,-88.69505536732046,0.009382905928398784,,,0.30079197883605957,0.058943986892700195,50,0.9940901698124572,(0.4989835441055612+0.8157935403468337j),(0.008643253104942027+0.010620903344822286j),0.12576889991760254,0.12685728073120117,0.5527873039245605
466,466,(1.0000000000000002+0j),10000,10000,1,10000,0.06372952461242676,(0.5259239248732194+0.7984525977173056j),(-5.077371515742441e-09-1.908397884295686e-08j),0.9999921988465083,0.052097320556640625,0.8361252312190428,0.836138276854233,,,228238,6327626,,,,,,,0.14974689483642578,0.09376096725463867,0.0027680397033691406,,,,,-88.69523957964154,-88.69573884612716,0.004036569364723986,,,0.2992513179779053,0.059496164321899414,50,0.9940514697803582,(0.5259239248732194+0.7984525977173056j),(0.010246208779786204+0.00908201449165317j),0.12410879135131836,0.12522315979003906,0.5638120174407959
467,467,(1+0j),10000,10000,1,10000,0.062300920486450195,(0.6055605949441625+0.7402151490700161j),(-5.0202837883091094e-08-1.1443497894432522e-08j),0.9999922607166893,0.05043935775756836,0.8370355315411832,0.8370484878018306,,,226350,6322616,,,,,,,0.14863872528076172,0.08908414840698242,0.002710103988647461,,,,,-88.6947503660776,-88.6950820865699,-0.009567232127175586,,,0.29169464111328125,0.054814815521240234,50,0.9941009999726294,(0.6055605949441625+0.7402151490700161j),(-0.008275658189631241-0.010952392297942502j),0.12464237213134766,0.1257474422454834,0.5363137722015381
468,468,(0.9999999999999998+0j),10000,10000,1,10000,0.06168246269226074,(0.5460530105986178+0.7856711891554454j),(-3.8013898806692864e-08+1.796934220064688e-08j),0.9999924662172017,0.05123472213745117,0.8385507753724798,0.838563410434078,,,226134,6312760,,,,,,,0.1344285011291504,0.08834099769592285,0.0024988651275634766,,,,,-88.6954612285859,-88.69477309507562,-0.0016973862009478273,,,0.27738213539123535,0.05887103080749512,50,0.9941731483272414,(0.5460530105986178+0.7856711891554454j),(0.009016604837459108+0.010222507294730489j),0.1287851333618164,0.1298673152923584,0.5385379791259766
469,469,(0.9999999999999999+0j),10000,10000,1,10000,0.06698107719421387,(0.48964424891184094+0.8212053041359119j),(-2.593110012039098e-08-3.0037999939177926e-08j),0.9999924609729999,0.0510406494140625,0.8361486609554436,0.8361612685926795,,,226589,6312512,,,,,,,0.1447596549987793,0.09052276611328125,0.0026006698608398438,,,,,-88.69466115671324,-88.69522709733157,0.010480550763598573,,,0.28981566429138184,0.05975842475891113,50,0.9940862539236683,(0.48964424891184094+0.8212053041359119j),(-0.008057353344768401-0.01115425728599131j),0.12838196754455566,0.12949419021606445,0.5478181838989258
470,470,(1.0000000000000002+0j),10000,10000,1,10000,0.06490802764892578,(0.5801453463770745+0.7596523353280052j),(-9.393702929976719e-09+4.729017790892037e-09j),0.9999923077528712,0.05154728889465332,0.83526204204319,0.83527489227555,,,224258,6300222,,,,,,,0.15607643127441406,0.09008073806762695,0.002543210983276367,,,,,-88.69548434405833,-88.69599801454103,0.0011255241599680962,,,0.3011186122894287,0.06034088134765625,50,0.9940421361165551,(0.5801453463770745+0.7596523353280052j),(-0.008290512347419772-0.010967738848180255j),0.12457060813903809,0.12569761276245117,0.5629870891571045
471,471,(1.0000000000000004+0j),10000,10000,1,10000,0.061983585357666016,(0.6251137052560706+0.7236680617643192j),(4.9361047134288735e-08-1.712333165367636e-08j),0.9999925037319249,0.05183148384094238,0.8367531175054705,0.8367656626978961,,,227706,6322810,,,,,,,0.14249277114868164,0.0931851863861084,0.0025932788848876953,,,,,-88.69432809947705,-88.69478270860202,-0.01232191961125211,,,0.29097676277160645,0.0553441047668457,50,0.994069502161208,(0.6251137052560706+0.7236680617643192j),(-0.00789183092988098-0.011348511837945316j),0.12314200401306152,0.12423896789550781,0.534346342086792
472,472,(1+0j),10000,10000,1,10000,0.06413936614990234,(0.5235763555729483+0.8009329279104015j),(3.123491276537403e-08+4.7770914642459254e-08j),0.9999926102782947,0.05595207214355469,0.8388654404765806,0.8388778385783153,,,227081,6320052,,,,,,,0.1441175937652588,0.0915837287902832,0.0035119056701660156,,,,,-88.69527292282943,-88.69452802410852,-0.0045421047589159665,,,0.2959892749786377,0.05959486961364746,50,0.9941198399746887,(0.5235763555729483+0.8009329279104015j),(9.56264257606723e-05-0.013497696179833183j),0.12549138069152832,0.126572847366333,0.5479421615600586
473,473,(0.9999999999999989+0j),10000,10000,1,10000,0.06419801712036133,(0.3621399879509503+0.8852824044544363j),(-5.8335770190130647e-08+8.378718658289338e-09j),0.999992592003962,0.051087141036987305,0.8374881224514432,0.8375005308067106,,,228486,6320198,,,,,,,0.14179563522338867,0.0899655818939209,0.003429412841796875,,,,,-88.69299252229274,-88.69399516375839,0.017467781452034387,,,0.2871537208557129,0.059506893157958984,50,0.994050704556118,(0.3621399879509503+0.8852824044544363j),(0.00951871077090366+0.00976178666910137j),0.12610769271850586,0.12720632553100586,0.539879560470581
474,474,(1.0000000000000002+0j),10000,10000,1,10000,0.06301617622375488,(0.37795409095747373+0.8786402516369322j),(3.071683659602368e-08+1.567221771784821e-08j),0.9999926657830286,0.05055689811706543,0.8374638927286803,0.8374761771476149,,,228103,6319912,,,,,,,0.13867783546447754,0.09157085418701172,0.002637624740600586,,,,,-88.6925409179104,-88.69380718087388,0.019268933382053016,,,0.28433871269226074,0.0591120719909668,50,0.9940455185472494,(0.37795409095747373+0.8786402516369322j),(0.009573114871006861+0.009727730517423176j),0.12515592575073242,0.12624669075012207,0.5343585014343262
475,475,(0.9999999999999999+0j),10000,10000,1,10000,0.06458353996276855,(0.5574395828585591+0.7778187215987027j),(-2.5485915055525924e-09-8.834235315833126e-09j),0.99999278117038,0.05388832092285156,0.839069210836304,0.8390813251628257,,,228729,6327516,,,,,,,0.1468675136566162,0.08997201919555664,0.002645254135131836,,,,,-88.69533142451021,-88.69469173553554,0.0001680543290995404,,,0.2942476272583008,0.06383943557739258,50,0.9941137488526948,(0.5574395828585591+0.7778187215987027j),(-0.00840658786364487-0.010636604041809137j),0.12572741508483887,0.12683510780334473,0.5524933338165283
476,476,(1+0j),10000,10000,1,10000,0.06136035919189453,(0.6912520540257715+0.6612388250277698j),(-3.6604410634208474e-08+4.902161909133147e-08j),0.9999927109320058,0.05056452751159668,0.8378429497946347,0.83785516411664,,,228207,6326932,,,,,,,0.1493215560913086,0.09003758430480957,0.0027844905853271484,,,,,-88.69206396432472,-88.6934186175128,-0.020345360859631602,,,0.2935504913330078,0.05674433708190918,50,0.9940941227027631,(0.6912520540257715+0.6612388250277698j),(0.009311680757838755+0.009884143917990154j),0.12611007690429688,0.12721014022827148,0.5405154228210449
477,477,(0.9999999999999998+0j),10000,10000,1,10000,0.06527376174926758,(0.6813509306264475+0.6716058443919064j),(6.325588272959693e-08-4.892217690515947e-08j),0.9999928101746048,0.050496816635131836,0.838258818255259,0.8382708722543367,,,227905,6319852,,,,,,,0.14214825630187988,0.09162330627441406,0.0028944015502929688,,,,,-88.69194585051677,-88.69306843880213,-0.020999173582033508,,,0.28807568550109863,0.05873608589172363,50,0.9941406961398702,(0.6813509306264475+0.6716058443919064j),(-0.0072643696364237675-0.011400006913965834j),0.12675046920776367,0.12788009643554688,0.5416290760040283
478,478,(1.0000000000000002+0j),10000,10000,1,10000,0.06606364250183105,(0.5198657494318348+0.8037441532834311j),(8.348790880409333e-09+5.2396822071463924e-08j),0.9999929182282481,0.05364489555358887,0.8400283113624476,0.8400402092663672,,,227091,6313514,,,,,,,0.14231157302856445,0.08926081657409668,0.002699613571166992,,,,,-88.6952148890636,-88.69399882066328,-0.0005658571695389161,,,0.2887535095214844,0.05940365791320801,50,0.9942332871400037,(0.5198657494318348+0.8037441532834311j),(-0.0072898761709755495-0.011133060259812378j),0.12624597549438477,0.12734603881835938,0.5432558059692383
479,479,(1.0000000000000004+0j),10000,10000,1,10000,0.0644683837890625,(0.33194557155748106+0.8972566271457614j),(-8.590129230106836e-09+4.011724303382025e-08j),0.9999928565303419,0.0507206916809082,0.8381924669003457,0.8382044422335733,,,228282,6327172,,,,,,,0.1369936466217041,0.0948951244354248,0.0028705596923828125,,,,,-88.69121090828773,-88.69267893172464,0.02227756012617491,,,0.2879524230957031,0.06542825698852539,50,0.9941605344709096,(0.33194557155748106+0.8972566271457614j),(-0.008550381231756997-0.010379414238876426j),0.12646770477294922,0.1284198760986328,0.5479640960693359
480,480,(1+0j),10000,10000,1,10000,0.06472039222717285,(0.3026676980129856+0.9074830850579887j),(1.436974095770783e-08-3.2591691448975434e-08j),0.999992810368214,0.05085349082946777,0.8379671624671412,0.8379792119477817,,,228043,6321758,,,,,,,0.14586377143859863,0.08969569206237793,0.0025796890258789062,,,,,-88.68962353597539,-88.69192452701968,0.026794787453375938,,,0.28991007804870605,0.05378007888793945,50,0.9941449856850375,(0.3026676980129856+0.9074830850579887j),(-0.009230828726917769-0.00983230364915201j),0.1258256435394287,0.12694168090820312,0.5369839668273926
481,481,(0.9999999999999999+0j),10000,10000,1,10000,0.06338286399841309,(0.43973245067287653+0.8501741939802469j),(-2.5124626385024568e-08+1.7588160743623006e-08j),0.9999929455970621,0.052268266677856445,0.8398375214850092,0.8398493707149508,,,228789,6323276,,,,,,,0.14537501335144043,0.09147977828979492,0.0026378631591796875,,,,,-88.69419415799526,-88.69354275916331,0.012589429889931662,,,0.2926514148712158,0.060654401779174805,50,0.9942044465777519,(0.43973245067287653+0.8501741939802469j),(-0.008440062363611492-0.010462960759636545j),0.13436079025268555,0.1356499195098877,0.5543673038482666
482,482,(0.9999999999999996+0j),10000,10000,1,10000,0.07307267189025879,(0.7075411050189451+0.64470607926573j),(4.280416557344937e-09+2.0322709409622608e-08j),0.9999929717419356,0.05658769607543945,0.8400153641040419,0.8400271719180383,,,231423,6348416,,,,,,,0.14924216270446777,0.08879828453063965,0.002826690673828125,,,,,-88.69091107897773,-88.69174448246717,-0.022300673004198374,,,0.2982823848724365,0.050684452056884766,50,0.9941757348702919,(0.7075411050189451+0.64470607926573j),(-0.008539728307685854-0.010533540161969593j),0.12683653831481934,0.12806963920593262,0.5517029762268066
483,483,(0.9999999999999998+0j),10000,10000,1,10000,0.06540441513061523,(0.8044914821365005+0.5191652300413299j),(6.189375877381515e-09+2.883665021448425e-08j),0.9999930062246492,0.050179481506347656,0.8408868956723132,0.8408986577437926,,,231229,6345956,,,,,,,0.14716625213623047,0.09229564666748047,0.002675294876098633,,,,,-88.68256254023876,-88.68697004026983,-0.038078444717722086,,,0.29327845573425293,0.06057024002075195,50,0.9941807824382445,(0.8044914821365005+0.5191652300413299j),(-0.008662184765093183-0.010556331763716353j),0.1259911060333252,0.12709641456604004,0.5480084419250488
484,484,(1+0j),10000,10000,1,10000,0.06501555442810059,(0.7985460054429127+0.5299375451936559j),(-3.578153133748136e-10-6.847777517881686e-08j),0.9999931498077487,0.051175594329833984,0.8441185023365305,0.8441300672034108,,,228874,6324156,,,,,,,0.15206694602966309,0.08826327323913574,0.002949237823486328,,,,,-88.68364670913256,-88.68624598906379,-0.036632759292606135,,,0.2953953742980957,0.0580897331237793,50,0.9942873393909919,(0.7985460054429127+0.5299375451936559j),(0.006164857112796838+0.01200251615674406j),0.12715768814086914,0.12825322151184082,0.5485031604766846
485,485,(0.9999999999999998+0j),10000,10000,1,10000,0.06385588645935059,(0.6848341124761607+0.6722535009837483j),(1.8082451171582247e-08+9.642368495227042e-09j),0.9999933785722833,0.05143857002258301,0.8485341971628889,0.8485454342902009,,,229733,6332260,,,,,,,0.13369369506835938,0.09379458427429199,0.002713441848754883,,,,,-88.69247467291945,-88.68909086722006,-0.018633039259837333,,,0.28256726264953613,0.06093907356262207,50,0.9944476579259753,(0.6848341124761607+0.6722535009837483j),(-0.007298890447194968-0.01107890792899296j),0.13605856895446777,0.13734722137451172,0.5466930866241455
486,486,(0.9999999999999999+0j),10000,10000,1,10000,0.07140135765075684,(0.41777506221152977+0.8639459088216566j),(2.3902050686575136e-08-7.100201940804422e-09j),0.9999934210525638,0.060358524322509766,0.8485653038605265,0.8485764693037721,,,228539,6326342,,,,,,,0.14383149147033691,0.09406304359436035,0.0027649402618408203,,,,,-88.69358708353607,-88.68953334779931,0.013788572456399627,,,0.30193066596984863,0.06407356262207031,50,0.9944430959019523,(0.41777506221152977+0.8639459088216566j),(0.003566048347514618+0.012714168366654632j),0.12227368354797363,0.12336230278015137,0.5625405311584473
487,487,(0.9999999999999999+0j),10000,10000,1,10000,0.06379342079162598,(0.23319455322703156+0.929513214956547j),(-1.974384049669759e-08-7.573121938831583e-08j),0.9999931840954671,0.05012917518615723,0.843878683043143,0.843890186753837,,,228847,6323368,,,,,,,0.13449907302856445,0.08767104148864746,0.0027611255645751953,,,,,-88.6860933933028,-88.68735732505893,0.03212263053838111,,,0.27596426010131836,0.05825018882751465,50,0.994258827457847,(0.23319455322703156+0.929513214956547j),(0.0028508033169309215+0.013064315085396941j),0.12510037422180176,0.12618684768676758,0.5258722305297852
488,488,(0.9999999999999999+0j),10000,10000,1,10000,0.06486129760742188,(0.21655640783887242+0.9325078243444845j),(-3.576196267996695e-08-7.425592587167384e-08j),0.9999931146084038,0.05066490173339844,0.8404041262335095,0.8404156993760544,,,231870,6353652,,,,,,,0.1399555206298828,0.08984923362731934,0.002656698226928711,,,,,-88.68617734097325,-88.68880015676862,0.03245788795317747,,,0.28403449058532715,0.05852699279785156,50,0.994127429411616,(0.21655640783887242+0.9325078243444845j),(-0.008930128530403937-0.01012732408322757j),0.12398886680603027,0.12508535385131836,0.5341694355010986
489,489,(1.0000000000000007+0j),10000,10000,1,10000,0.06526684761047363,(0.358202749561365+0.8873741437493783j),(9.03158013543987e-08-2.6817253773673014e-08j),0.9999930352285414,0.049859046936035156,0.8390872258385051,0.8390989140621373,,,230897,6339062,,,,,,,0.1352384090423584,0.08884596824645996,0.0026650428771972656,,,,,-88.69341388182399,-88.69318999760002,0.015944967537500958,,,0.2775130271911621,0.05748867988586426,50,0.9940904063661361,(0.358202749561365+0.8873741437493783j),(-0.008431082854440747-0.010661346016736638j),0.12615323066711426,0.1272413730621338,0.5292820930480957
490,490,(1.0000000000000002+0j),10000,10000,1,10000,0.0649254322052002,(0.6172744324566901+0.7307062350397531j),(9.510891424792207e-08+8.642778349502093e-09j),0.9999930200621192,0.05169820785522461,0.8376635770180378,0.8376752708199362,,,231916,6349932,,,,,,,0.14345192909240723,0.09051275253295898,0.0027990341186523438,,,,,-88.69347654384389,-88.69375304016292,-0.016216097269376027,,,0.28933167457580566,0.06349372863769531,50,0.9940461698288954,(0.6172744324566901+0.7307062350397531j),(0.007781997473841777+0.011237705320981861j),0.1300656795501709,0.13117742538452148,0.5506644248962402
491,491,(1.0000000000000002+0j),10000,10000,1,10000,0.06694364547729492,(0.7027760803991099+0.6485998648960234j),(-1.4518456077350597e-08-2.9376565447158483e-08j),0.9999929582823825,0.052512168884277344,0.8369634871100382,0.8369752745556086,,,231835,6352000,,,,,,,0.15446925163269043,0.09113359451293945,0.0030028820037841797,,,,,-88.68943974168388,-88.69187735995231,-0.026769470427289707,,,0.3021843433380127,0.05723881721496582,50,0.9940068837071285,(0.7027760803991099+0.6485998648960234j),(0.008165406006713193+0.010987113942444152j),0.12882232666015625,0.12991809844970703,0.5580477714538574
492,492,(1.0000000000000004+0j),10000,10000,1,10000,0.07261776924133301,(0.6702374178610707+0.6827963657943457j),(-6.173058417475524e-09+3.584757288966031e-08j),0.9999930086024249,0.05607295036315918,0.8385121542602559,0.8385238791268993,,,231519,6347244,,,,,,,0.1301584243774414,0.09084701538085938,0.002660512924194336,,,,,-88.6922433964477,-88.69279408522337,-0.019462400406071893,,,0.28067564964294434,0.05704641342163086,50,0.9940496664101826,(0.6702374178610707+0.6827963657943457j),(0.008245319457759241+0.010886391820367698j),0.12569546699523926,0.12678980827331543,0.5388202667236328
493,493,(0.9999999999999993+0j),10000,10000,1,10000,0.0747377872467041,(0.5250568185677571+0.800515473716484j),(-4.6790034909939465e-08-3.8917922365441625e-08j),0.9999931211937286,0.0557866096496582,0.8404770689911606,0.840488632068337,,,232812,6354622,,,,,,,0.15207433700561523,0.09026122093200684,0.0026781558990478516,,,,,-88.6956481664127,-88.6938804263699,0.0022530968678112205,,,0.30170488357543945,0.056861162185668945,50,0.9941187336549567,(0.5250568185677571+0.800515473716484j),(-0.008292952676800346-0.01067281050811359j),0.12748289108276367,0.12859082221984863,0.5781688690185547
494,494,(1.0000000000000002+0j),10000,10000,1,10000,0.06373047828674316,(0.4046463752065556+0.8663176308956491j),(1.852672970108043e-08+3.670661260991179e-08j),0.9999928509772352,0.05167984962463379,0.8363509983811724,0.836362956694061,,,230960,6347424,,,,,,,0.15069365501403809,0.09113478660583496,0.002585887908935547,,,,,-88.69359903017595,-88.6946249470203,0.016557265745831093,,,0.2970571517944336,0.06296586990356445,50,0.9939423186844434,(0.4046463752065556+0.8663176308956491j),(0.007886071398927306+0.011330843169765693j),0.12657546997070312,0.1277005672454834,0.5531373023986816
495,495,(0.9999999999999994+0j),10000,10000,1,10000,0.06555008888244629,(0.42709520312314736+0.8547025414501862j),(5.556334317390047e-10+4.064230644034064e-08j),0.9999927851456968,0.05163741111755371,0.8339543342911725,0.8339663681394408,,,230772,6349322,,,,,,,0.15749263763427734,0.09344720840454102,0.002749204635620117,,,,,-88.69443669418663,-88.69616821617691,0.012621537727714415,,,0.30632781982421875,0.06018519401550293,50,0.9938384490879313,(0.42709520312314736+0.8547025414501862j),(-0.008677468765629314-0.01091523690532108j),0.12555480003356934,0.1266622543334961,0.56046462059021
496,496,(1+0j),10000,10000,1,10000,0.062261343002319336,(0.5522454633493766+0.7799022086399985j),(-1.083352251311121e-08-4.428676680254594e-08j),0.9999928327839394,0.05029129981994629,0.8344908607121727,0.8345028227933734,,,232538,6351908,,,,,,,0.14865827560424805,0.09407401084899902,0.0027725696563720703,,,,,-88.69560629825303,-88.69660813080118,-0.004758296546401431,,,0.296863317489624,0.061153411865234375,50,0.9938551214531663,(0.5522454633493766+0.7799022086399985j),(0.007883041461680191+0.011516713452601508j),0.12431573867797852,0.125410795211792,0.5474345684051514
497,497,(1.0000000000000002+0j),10000,10000,1,10000,0.06416177749633789,(0.5543190256010265+0.7799652314339736j),(-2.935839473170159e-08+2.8543665027440095e-08j),0.9999930498788812,0.05060601234436035,0.8388425309167283,0.8388541911526672,,,232163,6345862,,,,,,,0.1373298168182373,0.09029769897460938,0.0026388168334960938,,,,,-88.69569480224351,-88.69475474150447,-0.004670899695288226,,,0.28173136711120605,0.05855083465576172,50,0.9940330972773646,(0.5543190256010265+0.7799652314339736j),(0.0074413333201141275+0.011674878568859213j),0.12710094451904297,0.12820839881896973,0.5498137474060059
498,498,(0.9999999999999996+0j),10000,10000,1,10000,0.0626678466796875,(0.47293311247893616+0.8317334995581359j),(6.60566669709792e-10+2.444164085031903e-08j),0.9999930452733923,0.051032304763793945,0.8385403076684287,0.8385519714272847,,,230953,6338260,,,,,,,0.1508948802947998,0.08935093879699707,0.0027573108673095703,,,,,-88.69541103635163,-88.69456426729924,0.007253099851990069,,,0.29502272605895996,0.05978679656982422,50,0.9940235111823205,(0.47293311247893616+0.8317334995581359j),(0.007116122721061019+0.0118601561432519j),0.12664508819580078,0.1277475357055664,0.5468952655792236
499,499,(0.9999999999999992+0j),10000,10000,1,10000,0.06387090682983398,(0.5511379275597503+0.780928157579219j),(-5.423010219972952e-08+4.582445538580822e-08j),0.9999930387463388,0.04942917823791504,0.8351892915331012,0.8352009195835468,,,234699,6375174,,,,,,,0.1398618221282959,0.08989238739013672,0.002724885940551758,,,,,-88.69583615219888,-88.69614461831202,-0.0018465204905793505,,,0.28279781341552734,0.055077314376831055,50,0.9938740526756646,(0.5511379275597503+0.780928157579219j),(0.007453217193608271+0.011718333207779036j),0.12643957138061523,0.12754344940185547,0.5401182174682617
